2016-07-19 18:13:01;TATNP;60;165.000000;FINAM
2016-09-08 11:46:08;TATNP;60;152.000000;FINAM
2018-08-06 10:22:04;TATNP;-20;500.000000;FINAM
2018-08-06 10:24:45;TATNP;-10;500.000000;FINAM
2018-08-06 10:25:01;TATNP;-10;500.000000;FINAM
2018-08-06 10:30:52;TATNP;-10;500.000000;FINAM
2018-08-06 10:30:56;TATNP;-10;500.000000;FINAM
2018-08-06 10:30:57;TATNP;-30;500.000000;FINAM
2018-08-06 10:31:03;TATNP;-10;500.000000;FINAM
2018-08-06 10:31:04;TATNP;-10;500.000000;FINAM
2018-08-06 10:31:04;TATNP;-10;500.000000;FINAM
2016-01-15 13:56:37;TATN;30;290.000000;FINAM
2017-02-28 10:15:53;TATN;30;350.000000;FINAM
2018-07-10 12:11:49;TATN;-60;700.000000;FINAM
2017-03-07 15:31:18;SIBN;50;200.000000;FINAM
2018-08-17 10:00:39;SIBN;-50;350.000000;FINAM
2016-01-12 10:03:56;SNGS;300;32.935000;FINAM
2016-04-29 14:27:47;SNGS;300;35.000000;FINAM
2016-08-01 14:14:08;SNGS;300;31.000000;FINAM
2016-10-18 15:58:23;SNGS;300;28.000000;FINAM
2019-09-02 15:07:23;SNGS;-1200;29.730000;FINAM
2015-09-28 12:19:11;SNGSP;300;39.000000;FINAM
2016-04-20 10:14:20;SNGSP;200;43.000000;FINAM
2016-05-04 10:49:59;SNGSP;200;41.000000;FINAM
2016-07-15 10:00:14;SNGSP;300;36.000000;FINAM
2016-07-20 10:02:30;SNGSP;300;32.000000;FINAM
2016-11-02 10:02:33;SNGSP;300;28.000000;FINAM
2019-09-03 11:33:33;SNGSP;-1600;36.700000;FINAM
2015-10-02 16:28:45;LKOH;5;2150.000000;FINAM
2016-01-15 16:38:42;LKOH;5;2050.000000;FINAM
2017-03-09 11:43:47;LKOH;3;3000.000000;FINAM
2018-09-28 14:27:54;LKOH;-4;5000.000000;FINAM
2019-02-22 12:09:28;LKOH;-4;5500.000000;FINAM
2019-10-24 10:15:28;LKOH;-5;6000.000000;FINAM
2016-06-24 18:39:57;MSNG;11000;1.260500;FINAM
2018-08-16 16:23:10;MSNG;5000;2.000000;FINAM
2018-11-21 11:08:50;MSNG;6000;1.700000;FINAM
2019-06-28 17:08:50;MSNG;-22000;2.505000;FINAM
2016-01-15 16:28:46;RTKM;120;82.000000;FINAM
2016-07-14 10:51:39;RTKM;120;85.000000;FINAM
2017-02-20 10:25:54;RTKM;120;79.000000;FINAM
2019-07-02 18:31:54;RTKM;-360;80.470000;FINAM
2016-08-22 10:18:39;RTKMP;100;63.500000;FINAM
2016-10-28 10:01:29;RTKMP;200;55.000000;FINAM
2019-07-02 17:08:29;RTKMP;-300;65.000000;FINAM
2015-11-11 11:38:59;MAGN;400;22.000000;FINAM
2016-01-13 17:16:59;MAGN;100;18.000000;FINAM
2016-01-13 17:16:59;MAGN;400;18.000000;FINAM
2017-02-28 10:38:31;MAGN;600;31.385000;FINAM
2018-09-21 11:04:25;MAGN;-500;52.000000;FINAM
2019-04-26 13:52:01;MAGN;1000;44.220000;FINAM
2020-01-13 12:49:01;MAGN;-2000;44.000000;FINAM
2015-10-02 16:29:32;MTSS;50;209.000000;FINAM
2017-03-10 13:46:39;MTSS;40;250.000000;FINAM
2017-05-03 10:06:11;MTSS;80;254.900000;FINAM
2019-12-26 11:43:11;MTSS;-170;320.000000;FINAM
2015-12-15 11:32:12;AFLT;200;55.000000;FINAM
2016-03-16 12:12:26;AFLT;-200;68.000000;FINAM
2016-01-21 15:50:39;KMAZ;300;34.000000;FINAM
2018-02-06 15:07:37;KMAZ;200;50.000000;FINAM
2019-04-16 18:36:48;KMAZ;200;50.000000;FINAM
2019-09-09 13:44:48;KMAZ;-700;60.000000;FINAM
2015-12-15 15:48:28;FESH;3800;2.600000;FINAM
2016-06-27 10:21:05;FESH;5500;1.800000;FINAM
2017-02-28 10:49:16;FESH;2800;3.500000;FINAM
2017-04-11 18:25:20;FESH;3300;3.000000;FINAM
2017-06-05 10:08:38;FESH;300;4.140000;FINAM
2017-06-05 10:08:38;FESH;1200;4.165000;FINAM
2017-06-05 10:08:38;FESH;500;4.170000;FINAM
2017-06-08 18:37:40;FESH;-2000;4.500000;FINAM
2019-11-12 10:01:40;FESH;-5000;8.000000;FINAM
2020-10-05 15:20:33;FESH;-52.0;10.0;FINAM
2020-10-14 16:02:59;FESH;-52.0;10.4;FINAM
2016-01-15 17:31:27;BANE;5;1927.000000;FINAM
2016-08-03 12:23:01;BANE;4;2516.500000;FINAM
2017-01-27 12:42:25;BANE;-9;3650.000000;FINAM
2015-11-26 10:01:59;BANEP;5;1757.500000;FINAM
2016-10-11 12:36:14;BANEP;7;1450.000000;FINAM
2019-06-20 17:40:14;BANEP;-12;1779.000000;FINAM
2016-01-12 10:03:56;GAZP;70;130.500000;FINAM
2016-06-02 17:22:14;GAZP;70;143.000000;FINAM
2017-02-14 12:06:03;GAZP;70;140.000000;FINAM
2017-03-31 17:34:52;GAZP;90;127.000000;FINAM
2019-05-14 16:20:09;GAZP;-300;178.000000;FINAM
2015-11-11 15:15:44;NLMK;130;73.000000;FINAM
2017-02-28 10:38:31;NLMK;190;100.680000;FINAM
2019-04-29 16:54:28;NLMK;-100;172.220000;FINAM
2019-04-29 16:54:32;NLMK;-10;172.220000;FINAM
2019-04-29 16:54:35;NLMK;-10;172.220000;FINAM
2019-04-29 16:59:33;NLMK;-200;172.000000;FINAM
2015-12-04 17:07:38;CHMF;10;680.000000;FINAM
2017-02-24 17:34:53;CHMF;10;850.000000;FINAM
2019-04-29 16:54:43;CHMF;-20;1057.800000;FINAM
2017-02-27 10:04:42;NMTP;2000;6.500000;FINAM
2017-02-28 10:45:10;NMTP;2000;6.000000;FINAM
2020-01-03 13:11:10;NMTP;-4000;9.500000;FINAM
2016-12-19 18:34:14;MSRS;12000;0.800000;FINAM
2018-12-17 10:46:13;MSRS;-3000;0.668000;FINAM
2018-12-17 10:46:13;MSRS;-5000;0.668000;FINAM
2018-12-17 10:46:13;MSRS;-4000;0.667000;FINAM
2015-11-18 11:15:20;MSSB;20000;0.400000;FINAM
2015-10-29 17:56:16;ENRU;12000;0.780000;FINAM
2015-11-27 17:31:44;ENRU;12000;0.710000;FINAM
2017-02-28 11:05:43;ENRU;11000;0.900000;FINAM
2018-12-25 10:16:01;ENRU;10000;1.000000;FINAM
2019-07-04 18:38:01;ENRU;-45000;1.134000;FINAM
2019-08-05 17:55:01;ENRU;11000;0.950000;FINAM
2019-08-14 10:20:01;ENRU;11000;0.900000;FINAM
2020-07-07 18:30:39;ENRU;-22.0;1.032;FINAM
2015-12-03 14:09:26;LNZL;1;7500.000000;FINAM
2016-06-22 13:14:34;LNZL;1;7200.000000;FINAM
2018-05-29 14:37:14;LNZL;2;6000.000000;FINAM
2018-07-09 10:31:55;LNZL;2;5000.000000;FINAM
2019-10-11 17:15:55;LNZL;14;4280.000000;FINAM
2020-07-09 10:27:15;LNZL;-10.0;10000.0;FINAM
2020-07-09 14:47:27;LNZL;-10.0;11500.0;FINAM
2016-07-14 15:41:16;LNZLP;2;4200.000000;FINAM
2018-02-06 14:39:21;LNZLP;3;3300.000000;FINAM
2018-05-25 11:18:21;LNZLP;3;3000.000000;FINAM
2018-08-08 11:12:16;LNZLP;4;2500.000000;FINAM
2020-07-28 10:03:19;LNZLP;-12.0;6200.0;FINAM
2018-01-12 15:04:52;PLZL;2;4300.000000;FINAM
2018-02-15 10:47:41;PLZL;3;3900.000000;FINAM
2018-02-15 10:47:41;PLZL;8;3674.000000;FINAM
2018-04-09 15:52:13;PLZL;3;3700.000000;FINAM
2018-04-09 16:21:13;PLZL;10;3589.000000;FINAM
2020-04-14 11:30:13;PLZL;-9;12000.000000;FINAM
2020-07-10 11:45:31;PLZL;-8.0;13500.0;FINAM
2020-07-27 10:06:34;PLZL;-9.0;16000.0;FINAM
2016-04-27 13:06:38;MGNT;1;9000.000000;FINAM
2017-02-24 10:06:29;MGNT;1;9000.000000;FINAM
2018-04-09 12:56:33;MGNT;8;4284.000000;FINAM
2018-04-09 13:09:34;MGNT;-8;4337.000000;FINAM
2018-12-17 10:45:53;MGNT;-2;3652.000000;FINAM
2016-01-11 16:08:58;ROSN;30;240.000000;FINAM
2016-01-11 16:08:58;ROSN;10;240.000000;FINAM
2017-02-27 16:33:36;ROSN;30;333.000000;FINAM
2018-07-09 11:57:54;ROSN;-70;410.000000;FINAM
2015-12-04 17:47:00;NVTK;10;580.000000;FINAM
2015-12-04 17:47:00;NVTK;10;580.000000;FINAM
2016-01-12 10:11:48;NVTK;20;540.000000;FINAM
2018-08-22 13:32:46;NVTK;-20;1000.000000;FINAM
2018-08-27 10:25:23;NVTK;-20;1050.000000;FINAM
2016-07-25 16:34:23;AKRN;3;3300.000000;FINAM
2016-10-24 10:07:27;AKRN;3;3000.000000;FINAM
2016-12-06 10:02:49;AKRN;-4;3550.000000;FINAM
2016-12-06 11:59:51;AKRN;4;3530.000000;FINAM
2017-03-06 10:06:10;AKRN;3;3000.000000;FINAM
2017-03-06 10:06:10;AKRN;8;2464.000000;FINAM
2019-06-07 14:14:48;AKRN;-2;4630.000000;FINAM
2019-06-07 14:15:23;AKRN;-5;4630.000000;FINAM
2019-06-07 14:15:31;AKRN;-1;4630.000000;FINAM
2019-06-07 14:26:38;AKRN;-5;4630.000000;FINAM
2019-06-07 14:27:29;AKRN;-4;4630.000000;FINAM
2020-04-09 10:00:00;AKRN;14;4486.000000;FINAM
2020-04-10 15:18:00;AKRN;-14;6000.000000;FINAM
2016-04-19 18:30:32;TRMK;200;50.000000;FINAM
2016-08-02 17:29:51;TRMK;220;45.000000;FINAM
2019-01-30 18:08:38;TRMK;230;45.000000;FINAM
2019-01-30 18:08:38;TRMK;870;41.150000;FINAM
2019-04-29 16:51:37;TRMK;-70;60.520000;FINAM
2019-04-29 16:51:44;TRMK;-1450;60.520000;FINAM
2015-11-30 15:56:53;GMKN;1;9000.000000;FINAM
2016-01-18 10:00:58;GMKN;1;8000.000000;FINAM
2016-04-21 10:03:06;GMKN;-1;9311.000000;FINAM
2017-02-28 10:38:31;GMKN;1;9000.000000;FINAM
2019-02-20 11:56:50;GMKN;-1;14000.000000;FINAM
2019-06-19 17:50:50;GMKN;-1;14752.000000;FINAM
2018-04-09 13:02:07;TGKA;1300000;0.009485;FINAM
2018-04-09 13:02:08;TGKA;1000000;0.009485;FINAM
2018-04-09 13:02:08;TGKA;1000000;0.009485;FINAM
2018-04-09 13:02:08;TGKA;400000;0.009485;FINAM
2018-04-09 13:07:20;TGKA;-3700000;0.009485;FINAM
2019-02-13 11:48:07;TGKA;1300000;0.008002;FINAM
2019-02-13 11:48:07;TGKA;5100000;0.007324;FINAM
2019-06-24 17:36:07;TGKA;-6400000;0.010846;FINAM
2020-03-12 12:24:07;TGKA;6000000;0.010778;FINAM
2020-07-03 17:29:54;TGKA;-60.0;0.01315;FINAM
2016-06-24 10:05:17;OGKB;37000;0.265000;FINAM
2017-02-27 13:32:14;OGKB;20000;0.480000;FINAM
2018-12-17 10:42:15;OGKB;-57000;0.336300;FINAM
2015-09-28 17:44:31;UPRO;1000;2.690000;FINAM
2015-09-28 17:44:32;UPRO;3000;2.690000;FINAM
2016-02-08 16:21:39;UPRO;4000;2.500000;FINAM
2017-03-07 17:41:09;UPRO;4000;2.500000;FINAM
2018-12-21 16:14:02;UPRO;4000;2.500000;FINAM
2019-12-11 17:48:02;UPRO;-16000;2.757000;FINAM
2017-02-28 10:05:21;DIXY;40;250.000000;FINAM
2017-10-10 11:13:44;DIXY;70;267.700000;FINAM
2018-02-14 18:45:25;DIXY;-50;331.100000;FINAM
2015-11-24 16:17:54;VTBR;130000;0.074000;FINAM
2016-01-15 13:52:56;VTBR;150000;0.070000;FINAM
2016-08-16 17:11:38;VTBR;150000;0.066500;FINAM
2017-02-22 17:38:32;VTBR;150000;0.067000;FINAM
2017-03-03 10:09:02;VTBR;150000;0.065000;FINAM
2015-12-11 16:20:43;PHST;9;1050.000000;FINAM
2016-01-11 10:01:11;SBER;100;93.730000;FINAM
2019-06-06 17:41:21;SBER;-10;244.000000;FINAM
2019-06-06 17:41:22;SBER;-90;244.000000;FINAM
2016-06-14 12:05:39;SBERP;100;85.480000;FINAM
2019-06-06 18:00:35;SBERP;-100;216.000000;FINAM
2016-05-04 12:57:27;AVAZ;1100;8.500000;FINAM
2017-04-12 13:08:21;AVAZ;3400;6.670000;FINAM
2019-05-16 14:38:01;MVID;150;313.100000;FINAM
2019-12-06 10:03:01;MVID;-150;600.000000;FINAM
2020-02-25 10:05:18;MVID;170;377.00;FINAM
2020-10-06 10:56:32;MVID;-17.0;720.0;FINAM
2018-08-09 10:27:47;LSRG;14;750.000000;FINAM
2018-09-06 15:41:41;LSRG;16;650.000000;FINAM
2018-12-21 18:39:24;LSRG;17;600.000000;FINAM
2019-07-08 17:45:24;LSRG;-47;788.000000;FINAM
2015-11-09 18:26:15;AFKS;500;17.500000;FINAM
2016-09-16 17:40:16;AFKS;500;20.000000;FINAM
2017-02-27 10:24:53;AFKS;400;22.000000;FINAM
2017-05-03 10:00:45;AFKS;1100;18.345000;FINAM
2017-12-21 13:24:26;AFKS;-1100;9.505000;FINAM
2017-12-22 10:01:39;AFKS;-1400;11.000000;FINAM
2018-04-09 12:45:02;AFKS;1000;10.000000;FINAM
2018-06-22 14:48:57;AFKS;1100;9.000000;FINAM
2018-09-06 17:51:28;AFKS;1200;8.000000;FINAM
2019-09-17 10:00:28;AFKS;-3300;13.060000;FINAM
2015-10-12 17:32:35;GCHE;12;830.000000;FINAM
2015-10-13 10:38:28;GCHE;-12;833.000000;FINAM
2016-03-17 11:44:53;GCHE;10;930.000000;FINAM
2016-07-19 17:38:48;GCHE;12;830.000000;FINAM
2017-07-07 10:14:02;GCHE;10;974.000000;FINAM
2018-01-09 18:39:55;GCHE;-7;1376.000000;FINAM
2019-02-25 11:38:32;GCHE;-12;1500.000000;FINAM
2019-03-13 12:58:22;GCHE;-10;1700.000000;FINAM
2019-03-13 12:58:24;GCHE;-3;1700.000000;FINAM
2016-05-23 16:44:51;HYDR;15000;0.640000;FINAM
2018-12-17 10:45:26;HYDR;-1000;0.493800;FINAM
2018-12-17 10:45:26;HYDR;-14000;0.493600;FINAM
2017-03-09 12:29:11;FEES;50000;0.180000;FINAM
2018-12-17 10:46:24;FEES;-20000;0.151580;FINAM
2018-12-17 10:46:24;FEES;-30000;0.151560;FINAM
2016-01-15 13:50:15;RSTI;25000;0.440000;FINAM
2017-02-27 18:12:26;RSTI;10000;1.000000;FINAM
2019-02-11 10:13:42;RSTI;-15000;0.980000;FINAM
2019-02-13 11:02:23;RSTI;-20000;0.990000;FINAM
2017-02-28 10:13:47;RSTIP;5000;2.000000;FINAM
2017-12-26 11:46:46;RSTIP;7000;1.500000;FINAM
2018-04-09 13:07:52;RSTIP;7000;1.500000;FINAM
2018-05-24 17:53:03;RSTIP;7000;1.400000;FINAM
2018-05-24 17:53:03;RSTIP;21000;1.165000;FINAM
2019-07-04 18:38:03;RSTIP;-47000;1.666000;FINAM
2018-05-22 13:47:16;PRTK;100;90.000000;FINAM
2018-07-03 15:36:44;PRTK;100;80.000000;FINAM
2018-09-27 12:23:36;PRTK;100;70.000000;FINAM
2018-09-27 12:23:36;PRTK;500;61.200000;FINAM
2019-11-08 10:05:36;PRTK;-800;95.000000;FINAM
2015-10-20 16:53:18;KBTK;170;58.000000;FINAM
2017-04-27 16:18:39;KBTK;-170;120.000000;FINAM
2016-12-21 11:05:11;PLSM;33000;0.300000;FINAM
2017-05-11 10:07:28;PLSM;22000;0.250000;FINAM
2017-05-11 10:07:36;PLSM;1000;0.250000;FINAM
2017-05-11 10:07:49;PLSM;1000;0.250000;FINAM
2017-05-11 10:08:59;PLSM;16000;0.250000;FINAM
2018-12-11 14:30:12;PLSM;-3000;0.110200;FINAM
2018-12-11 14:30:12;PLSM;-3000;0.110200;FINAM
2018-12-11 14:30:12;PLSM;-30000;0.110200;FINAM
2018-12-17 10:43:00;PLSM;-5000;0.109400;FINAM
2018-12-17 10:43:00;PLSM;-10000;0.109200;FINAM
2018-12-17 10:43:00;PLSM;-22000;0.109000;FINAM
2016-08-29 11:07:44;POLY;15;804.500000;FINAM
2016-11-15 16:50:32;POLY;16;640.000000;FINAM
2019-09-04 18:17:32;POLY;-31;973.000000;FINAM
2015-10-14 17:37:45;PHOR;4;2500.000000;FINAM
2016-09-08 10:26:20;PHOR;4;2500.000000;FINAM
2017-02-28 10:38:31;PHOR;4;2300.000000;FINAM
2017-02-28 10:38:31;PHOR;11;1729.000000;FINAM
2019-09-17 10:03:31;PHOR;-23;2600.000000;FINAM
2018-09-04 10:00:38;SELGP;3300;9.850000;FINAM
2019-04-15 10:00:40;SELGP;-100;25.000000;FINAM
2019-04-15 10:00:45;SELGP;-1200;25.000000;FINAM
2019-06-20 17:40:45;SELGP;-2000;25.550000;FINAM
2015-12-24 11:46:12;MFON;10;800.000000;FINAM
2016-03-17 13:36:57;MFON;10;790.000000;FINAM
2016-04-05 10:34:52;MFON;10;709.000000;FINAM
2016-08-02 10:30:15;MFON;10;650.000000;FINAM
2016-09-12 12:27:52;MFON;10;650.000000;FINAM
2016-10-04 17:45:12;MFON;10;600.000000;FINAM
2018-12-27 10:01:41;MFON;-60;630.000000;FINAM
2015-10-02 12:00:19;MOEX;130;77.000000;FINAM
2016-06-27 18:38:23;MOEX;90;112.000000;FINAM
2017-03-03 13:01:09;MOEX;80;120.000000;FINAM
2020-05-13 18:37:09;MOEX;-300;127.050000;FINAM
2017-01-23 14:33:45;ROLO;3000;3.000000;FINAM
2017-02-02 11:47:39;ROLO;4000;2.500000;FINAM
2017-02-24 10:15:31;ROLO;5000;2.000000;FINAM
2020-07-13 12:37:52;ROLO;-12.0;4.0;FINAM
2016-01-11 18:14:41;YNDX;10;1000.000000;FINAM
2016-04-19 18:34:50;YNDX;-10;1150.000000;FINAM
2018-10-19 17:30:09;YNDX;18;1788.000000;FINAM
2019-10-11 15:42:09;YNDX;28;2087.000000;FINAM
2019-11-08 10:00:09;YNDX;30;1962.400000;FINAM
2020-02-07 16:26:09;YNDX;-25;3100.000000;FINAM
2020-06-25 16:30:32;YNDX;-25.0;3500.0;FINAM
2020-07-20 19:40:32;YNDX;-26.0;4000.0;FINAM
2017-02-15 11:03:17;LNTA;22;450.000000;FINAM
2017-02-28 17:01:12;LNTA;25;400.000000;FINAM
2017-12-27 15:35:23;LNTA;30;330.000000;FINAM
2018-02-21 16:59:11;LNTA;33;300.000000;FINAM
2018-02-21 16:59:11;LNTA;122;286.000000;FINAM
2018-09-24 15:49:41;LNTA;40;250.000000;FINAM
2018-12-11 13:57:16;LNTA;50;200.000000;FINAM
2021-12-24 14:22:35;LNTA;-322.0;190.5;FINAM
2016-09-15 12:12:52;AGRO;11;850.000000;FINAM
2017-03-10 13:45:09;AGRO;14;750.000000;FINAM
2017-12-19 17:02:41;AGRO;15;600.000000;FINAM
2018-02-06 10:51:56;AGRO;18;560.000000;FINAM
2019-04-23 11:36:09;AGRO;-1;750.000000;FINAM
2019-04-23 11:37:54;AGRO;-1;750.000000;FINAM
2019-04-23 11:38:02;AGRO;-56;750.000000;FINAM
2017-02-28 10:38:31;IRAO;6000;3.043500;FINAM
2017-02-28 10:38:31;IRAO;3000;3.400000;FINAM
2019-06-20 10:38:31;IRAO;-9000;5.000000;FINAM
2016-01-12 16:08:28;NKHP;20;400.000000;FINAM
2016-02-29 13:04:22;NKHP;30;300.000000;FINAM
2016-08-08 10:38:46;NKHP;40;270.000000;FINAM
2016-12-26 14:42:47;NKHP;-80;231.000000;FINAM
2017-02-13 13:11:49;NKHP;50;200.000000;FINAM
2018-08-09 10:22:06;NKHP;50;200.000000;FINAM
2019-09-16 13:17:06;NKHP;-110;250.000000;FINAM
2020-05-26 10:02:06;NKHP;110;140.500000;FINAM
2020-07-23 18:35:05;NKHP;-11.0;231.0;FINAM
2018-12-25 15:19:17;GTRK;570;55.500000;FINAM
2019-04-15 17:27:59;GTRK;-20;70.600000;FINAM
2019-04-15 17:27:59;GTRK;-550;70.400000;FINAM
2019-11-05 10:03:59;PIKK;200;292.000000;FINAM
2020-10-08 17:42:27;PIKK;-20.0;570.0;FINAM
2020-02-06 10:01:59;TNSE;101;660.000000;FINAM
2020-04-16 15:05:59;TNSE;-101;1000.000000;FINAM
2020-02-25 10:11:18;DSKY;750;89.08;FINAM
2020-07-08 18:36:12;DSKY;-750.0;106.5;FINAM
2020-02-28 10:06:18;MTLR;1074;60.50;FINAM
2020-04-20 10:00:18;VSMO;5;14560.00;FINAM
2020-06-16 17:14:40;VSMO;-5;24540.0;FINAM
2020-07-20 12:11:43;MTLRP;188.0;53.05;FINAM
2020-07-20 13:35:20;MTLRP;-188.0;85.0;FINAM
2020-07-24 13:51:46;UWGN;207.0;181.3;FINAM
2020-10-14 15:15:45;UWGN;-207.0;196.0;FINAM
2021-02-19 10:08:43;BELU;26.0;3722.0;FINAM
2021-02-19 10:12:23;BELU;-26.0;5000.0;FINAM
2021-07-09 10:08:11;BIIB-RM;4.0;20418.0;FINAM
2021-07-16 13:23:33;SLEN;20.0;5.0;FINAM
2021-08-10 17:54:22;SLEN;23.0;4.5;FINAM
2021-08-12 12:04:38;SLEN;25.0;4.0;FINAM
2021-08-23 13:54:37;SLEN;29.0;3.5;FINAM
2021-09-10 10:00:56;HOOD-RM;1.0;1807.0;FINAM
2021-09-10 10:23:07;HOOD-RM;-1.0;3020.0;FINAM
2021-10-20 10:00:17;BLUE-RM;9.0;1000.0;FINAM
2021-10-20 10:08:24;BLUE-RM;-9.0;1500.0;FINAM
2021-11-03 22:53:17;FSLY-RM;32.0;2135.0;FINAM
2021-12-06 07:04:26;SPCE-RM;87.0;797.0;FINAM
2021-12-06 11:15:33;SPCE-RM;-87.0;1065.0;FINAM
2021-12-06 16:27:26;FSLY-RM;-32.0;2633.0;FINAM
2021-12-06 17:27:26;BIIB-RM;-4.0;16544.0;FINAM
2021-12-20 10:00:03;BLUE-RM;15.0;466.0;FINAM
2021-12-20 11:23:16;BLUE-RM;-15.0;777.0;FINAM
2021-12-21 17:27:13;DAL-RM;26.0;1641.0;FINAM
2021-12-21 17:47:25;DAL-RM;-26.0;2773.0;FINAM
2021-12-28 10:01:05;BYND-RM;7.0;2968.0;FINAM
2021-12-28 12:20:16;BYND-RM;-7.0;4903.0;FINAM
2022-01-18 10:00:29;XPEV-RM;12.0;2276.0;FINAM
2022-01-18 11:25:49;XPEV-RM;-12.0;3714.0;FINAM
2022-01-19 23:20:29;CNX-RM;67;739.0;FINAM
2022-01-19 23:43:29;CNX-RM;-67;1195.0;FINAM
2022-01-24 13:43:20;VKCO;102.0;585.8;FINAM
2022-02-07 10:00:48;SNAP-RM;30.0;1662.0;FINAM
2022-02-08 17:47:04;SNAP-RM;-30.0;2700.0;FINAM
2022-02-11 17:28:56;Z-RM;18.0;2968.0;FINAM
2022-02-11 18:19:39;Z-RM;-18.0;4100.0;FINAM
2022-02-17 18:17:51;RENI;100.0;60.0;FINAM
2022-02-21 13:43:20;VKCO;98.0;506.2;FINAM
2022-02-21 13:44:09;YNDX;15;3197.400000;FINAM
2022-02-21 17:43:48;YNDX;16.0;3029.2;FINAM
2022-02-21 17:43:20;VKCO;117;426.4;FINAM
2022-02-21 17:43:20;MVID;156;320.1;FINAM
2022-02-22 17:54:37;SLEN;33.0;3.0;FINAM
2022-02-21 17:43:48;AFKS;30.0;16.226;FINAM
2022-02-21 17:43:48;NMTP;97.0;5.145;FINAM
2022-02-21 17:43:48;RENI;140.0;50.0;FINAM
2022-02-21 22:01:37;VKCO;125.0;399.8;FINAM
2022-02-21 22:02:31;AFKS;33.0;14.846;FINAM
2022-02-21 22:07:06;DSKY;26.0;89.04;FINAM
2022-02-21 22:07:31;DSKY;30.0;89.04;FINAM
2022-02-21 22:08:41;GLTR;11.0;439.95;FINAM
2022-02-21 22:19:30;ENPG;70.0;709.5;FINAM
2022-02-22 10:00:18;AFKS;68;14.3;FINAM
2022-02-22 10:18:17;APPS-RM;4;2194;FINAM
2022-02-22 11:39:33;APPS-RM;-4;3200;FINAM
2022-02-22 10:08:41;BELU;23;2141;FINAM
2022-02-22 10:07:10;FLOT;94;52.68;FINAM
2022-02-22 10:20:13;HOOD-RM;14;562;FINAM
2022-02-22 11:39:16;HOOD-RM;-14;850;FINAM
2022-02-22 10:06:45;MVID;175;285.7;FINAM
2022-02-22 10:00:15;ORUP;1000;5;FINAM
2022-02-22 10:05:22;PIKK;82;605.6;FINAM
2022-02-22 10:03:08;PLTR-RM;4;437;FINAM
2022-02-22 10:16:41;PLTR-RM;-4;801;FINAM
2022-02-22 10:07:26;SAVA-RM;20;2159;FINAM
2022-02-22 12:27:52;SAVA-RM;-20;3442;FINAM
2022-02-22 10:14:08;SNAP-RM;27;1810;FINAM
2022-02-22 12:29:22;SNAP-RM;-27;2918;FINAM
2022-02-22 07:00:18;VKCO;120;413.4;FINAM
2022-02-24 07:00:04;OZON;22;948.5;FINAM
2022-02-24 07:00:06;YNDX;16;2954;FINAM
2022-02-24 07:00:06;VKCO;118;422;FINAM
2022-02-24 07:03:00;PIKK;88;562.4;FINAM
2022-02-24 07:06:38;GLTR;11;418.75;FINAM
2022-02-24 07:08:41;ENPG;78;635.5;FINAM
2022-02-24 07:13:19;DSKY;63;79.2;FINAM
2022-02-24 10:01:39;AKRN;4;11744;FINAM
2022-02-24 10:02:05;ETLN;831;60.14;FINAM
2022-02-24 10:20:35;FIXP;159;313;FINAM
2022-02-24 10:04:18;GCHE;20;2443;FINAM
2022-02-24 10:00:14;INGR;1;969;FINAM
2022-02-24 10:07:50;KZOS;78;63.3;FINAM
2022-02-24 10:10:30;LENT;79;628;FINAM
2022-02-24 10:00:50;LSNGP;39;126.4;FINAM
2022-02-24 10:33:12;LSRG;103;485.2;FINAM
2022-02-24 10:02:58;MRKC;225;0.2216;FINAM
2022-02-24 10:00:21;MRKP;31;0.16;FINAM
2022-02-24 10:07:18;MRKV;171;0.0292;FINAM
2022-02-24 10:04:18;MSRS;65;0.7595;FINAM
2022-02-24 10:01:18;MTLRP;25;196.45;FINAM
2022-02-24 10:00:03;MVID;176;283.7;FINAM
2022-02-24 10:13:28;NKNC;56;89.15;FINAM
2022-02-24 10:01:15;NKNCP;61;81.38;FINAM
2022-02-24 10:19:21;OKEY;188;26.55;FINAM
2022-02-24 10:12:36;OZON;52;948.5;FINAM
2022-02-24 10:18:05;RNFT;651;76.8;FINAM
2022-02-24 10:24:17;RSTIP;40;1.241;FINAM
2022-02-24 10:18:50;RTKMP;95;52.5;FINAM
2022-02-24 10:10:20;SELG;13;36.58;FINAM
2022-02-24 11:11:01;HHRU;21.0;2291.0;FINAM
2022-02-24 11:30:20;KAZT;23;210;FINAM
2022-02-24 11:30:20;KAZTP;23;212.8;FINAM
2022-02-24 11:30:20;ORUP;1322;3.78;FINAM
2022-02-24 11:30:20;GTRK;30;14.90;FINAM
2022-02-24 17:06:56;BELU;27;1844;FINAM
2022-02-24 15:29:31;ETLN;1105;45.22;FINAM
2022-02-24 16:59:56;LSNGP;49;101.4;FINAM
2022-02-24 17:36:08;OKEY;225;22.18;FINAM
2022-02-24 15:07:43;UNAC;138;0.361;FINAM
2022-02-24 15:27:04;UWGN;1457;34.3;FINAM
2022-02-24 16:44:59;ZVEZ;19;2.225;FINAM
2022-03-28 10:00:04;MVID;237.0;210.7;FINAM
2022-03-28 10:03:14;ZVEZ;3.0;1.75;FINAM
2022-03-28 10:03:41;FLOT;89.0;36.38;FINAM
2022-03-28 10:01:09;BELU;26.0;1852.0;FINAM
2022-03-28 13:23:20;BELU;-26.0;2605.0;FINAM
2022-03-29 12:50:40;YNDX;25.0;2000.0;FINAM
2022-06-06 18:37:06;LSNGP;-88.0;165.25;FINAM
2022-06-15 10:10:11;BELU;-50.0;2320.0;FINAM
2022-06-16 11:02:37;MRKP;-31.0;0.22;FINAM
2022-06-16 11:29:41;MRKV;-171.0;0.031;FINAM
2022-06-16 13:18:59;SELG;-130.0;51.0;FINAM
2022-06-20 10:00:45;MRKC;-225.0;0.2998;FINAM
2022-06-20 18:13:20;MSRS;-65.0;1.0;FINAM
2022-07-12 10:58:51;POGR;176.0;2.835;FINAM
2022-07-12 17:36:31;POGR;-66.0;2.065;FINAM
2022-07-12 17:53:22;POGR;-110.0;1.06;FINAM
2022-07-13 10:07:43;INGR;-1.0;1270.0;FINAM
2022-07-13 10:07:43;GTRK;-30.0;24.0;FINAM
2022-07-14 10:31:20;KAZT;-23.0;372.0;FINAM
2022-07-14 10:35:45;ZVEZ;-7.0;3.4;FINAM
2022-07-14 10:36:38;UWGN;-1457.0;43.5;FINAM
2022-07-18 12:58:46;ZVEZ;-15.0;4.205;FINAM
2022-07-27 10:52:47;NKNC;-56.0;90.0;FINAM
2022-08-08 10:17:24;KZOS;-78.0;80.0;FINAM
2022-09-07 10:00:19;UNAC;-138.0;0.6;FINAM
2022-09-07 10:09:36;UNAC;-53.0;0.6805;FINAM
2022-09-20 15:03:53;GLTR;161.0;310.55;FINAM
2022-09-21 10:00:07;VKCO;120.0;416.0;FINAM
2022-09-21 10:00:09;YNDX;29.0;1688.6;FINAM
2022-09-21 10:01:57;GLTR;183.0;272.9;FINAM
2022-09-26 10:03:42;HHRU;58.0;853.0;FINAM
2022-09-26 10:08:06;PIKK;95.0;524.9;FINAM
2022-09-26 13:06:49;YNDX;32.0;1523.4;FINAM
2022-09-26 23:00:07;VKCO;151.0;330.2;FINAM
2022-11-08 11:34:48;DSKY;109.0;45.78;FINAM
2022-11-29 10:00:08;ORUP;-1161.0;8.38;FINAM
2022-12-12 17:46:40;ORUP;-580.0;8.67;FINAM
2022-12-13 10:14:10;ORUP;-290.0;9.52;FINAM
2022-12-19 16:10:08;ORUP;-291.0;12.99;FINAM
2023-02-08 11:08:03;RNFT;-651.0;108.4;FINAM
2023-02-09 11:10:18;MGTSP;37.0;1340.0;FINAM
2023-04-04 11:04:30;CBOM;87.0;5.736;FINAM
2023-04-04 12:00:16;CBOM;-87.0;7.12;FINAM
2023-04-19 10:06:24;MTLR;-527.0;200.0;FINAM
2023-04-24 16:56:46;RENI;-240.0;65.0;FINAM
2023-04-25 16:35:28;PIKK;-265.0;700.0;FINAM
2023-04-24 22:56:25;AFKS;-154;15.50000;FINAM
2023-04-26 10:47:30;DSKY;-228.0;70.48;FINAM
2023-04-26 15:33:26;FIXP;-159.0;362.0;FINAM
2023-04-26 18:19:09;OKEY;-413.0;32.0;FINAM
2023-04-27 10:37:18;AKRN;-4.0;19500.0;FINAM
2023-04-27 19:08:47;VTBR;-73.0;0.022;FINAM
2023-05-02 17:55:38;LSNGP;39.0;127.15;FINAM
2023-05-11 10:25:38;KAZTP;-23.0;700.0;FINAM
2023-05-15 18:19:12;ETLN;-1936.0;70.0;FINAM
2023-05-15 18:27:24;LSNGP;-39.0;165.0;FINAM
2023-05-16 15:05:04;HHRU;-79.0;1700.0;FINAM
2023-05-22 12:24:42;NKNCP;62.0;80.24;FINAM
2023-06-01 10:09:58;FLOT;-183.0;80.0;FINAM
2023-06-02 10:17:18;NMTP;-97.0;8.5;FINAM
2023-06-02 19:43:46;GLTR;-564.0;480.0;FINAM
2023-06-14 10:04:48;LENT;-79.0;750.0;FINAM
2023-06-19 10:06:56;LSRG;-103.0;800.0;FINAM
2023-07-27 14:51:31;MTLR;-547.0;210.0;FINAM
2023-08-14 10:02:38;UNAC;-62.0;0.85;FINAM
2023-08-14 15:00:03;GCHE;-20.0;3700.0;FINAM
2023-08-15 12:03:27;MGTSP;-37.0;1652.0;FINAM
2023-09-04 14:38:02;AGRO;-66.0;1300.0;FINAM
2023-12-25 15:08:56;YNDX;-133.0;2400.0;FINAM
2023-12-25 16:41:58;MTLRP;-25.0;364.0;FINAM
2023-12-27 10:36:56;SLEN;-130.0;5.5;FINAM
2023-12-27 13:39:20;FEES;-56.0;0.11;FINAM
2023-12-27 14:13:00;ENPG;-148.0;450.0;FINAM
2023-12-27 16:58:13;NKNCP;-123.0;76.0;FINAM
2023-12-28 10:05:39;OZON;-74.0;2700.0;FINAM
2023-12-28 15:12:34;MVID;-744.0;165.6;FINAM
2024-05-17 18:07:36;SU46020RMFS2;156.0;64.0;FINAM
2024-05-20 10:55:38;SU26232RMFS7;126.0;79.0;FINAM
2024-05-20 16:38:07;SU26235RMFS0;151.0;66.0;FINAM
2024-05-21 10:50:02;SU26218RMFS6;131.0;76.0;FINAM
2024-05-23 11:05:27;SU26219RMFS4;114.0;87.0;FINAM
2024-05-23 11:43:52;SU26225RMFS1;153.0;65.0;FINAM
2024-05-23 12:31:53;SU26212RMFS9;125.0;80.0;FINAM
2024-05-23 18:38:14;SU26207RMFS9;116.0;86.0;FINAM
2024-05-24 10:07:17;SU46020RMFS2;15.0;61.0;FINAM
2024-05-24 10:29:36;SU26238RMFS4;178.0;56.0;FINAM
2024-05-24 11:35:37;SU26243RMFS4;135.0;74.0;FINAM
2024-05-24 13:43:19;SU26233RMFS5;178.0;56.0;FINAM
2024-05-24 13:59:31;SU26230RMFS1;163.0;61.0;FINAM
2024-05-24 17:40:26;SU26240RMFS0;169.0;59.0;FINAM
2024-05-27 10:46:58;SU26236RMFS8;135.0;74.0;FINAM
2024-05-27 10:51:11;SU26241RMFS8;129.0;77.0;FINAM
2024-05-27 10:52:04;SU26228RMFS5;135.0;74.0;FINAM
2024-05-27 10:59:06;SU46020RMFS2;163.0;61.0;FINAM
2024-05-28 10:25:48;SU26239RMFS2;149.0;67.0;FINAM
2024-05-29 17:02:30;SU26242RMFS6;125.0;80.0;FINAM
2024-05-30 10:12:52;SU26224RMFS4;84.0;73.0;FINAM
2024-05-30 13:20:33;SU26221RMFS0;149.0;67.0;FINAM
2024-05-31 11:15:38;SU26218RMFS6;136.0;73.0;FINAM
2024-05-31 16:42:52;SU26237RMFS6;136.0;73.0;FINAM
2024-05-31 17:09:00;SU26226RMFS9;116.0;86.0;FINAM
2024-05-31 20:09:00;SU26224RMFS4;103.0;73.0;FINAM
2024-06-03 10:05:45;SU46020RMFS2;104.0;58.0;FINAM
2024-06-03 13:40:51;SU26235RMFS0;158.0;63.0;FINAM
2024-06-17 10:03:25;SU26243RMFS4;140.0;71.0;FINAM
2024-06-17 11:54:30;SU26225RMFS1;161.0;62.0;FINAM
2024-06-17 14:41:11;SU26230RMFS1;172.0;58.0;FINAM
2024-06-18 11:06:08;SU52003RMFS9;49.0;73.468;FINAM
2024-06-18 16:47:11;SU26238RMFS4;188.0;53.0;FINAM
2024-06-19 10:00:10;SU26232RMFS7;131.0;76.0;FINAM
2024-06-19 10:32:10;SU26240RMFS0;178.0;56.0;FINAM
2024-06-20 10:06:50;SU26241RMFS8;135.0;74.0;FINAM
2024-06-20 10:21:22;SU26228RMFS5;28.0;71.0;FINAM
2024-06-20 11:13:03;SU26242RMFS6;129.0;77.0;FINAM
2024-06-20 14:35:15;SU26233RMFS5;188.0;53.0;FINAM
2024-06-24 14:34:51;SU26236RMFS8;140.0;71.0;FINAM
2024-07-11 10:15:07;SU26212RMFS9;129.0;77.0;FINAM
2024-07-12 10:42:49;SU26228RMFS5;140.0;71.0;FINAM
2024-07-15 16:44:09;SU26243RMFS4;147.0;68.0;FINAM
2024-07-15 23:49:30;SU26221RMFS0;156.0;64.0;FINAM
2024-07-16 11:49:30;SU26221RMFS0;156.0;64.0;FINAM
2024-07-16 14:41:52;SU26237RMFS6;142.0;70.0;FINAM
2024-07-16 14:43:21;SU26239RMFS2;156.0;64.0;FINAM
2024-07-16 14:54:33;SU46020RMFS2;175.0;57.0;FINAM
2024-07-16 15:01:02;SU26218RMFS6;142.0;70.0;FINAM
2024-07-17 11:39:44;SU26224RMFS4;142.0;70.0;FINAM
2024-07-17 16:00:19;SU26235RMFS0;166.0;60.0;FINAM
2024-07-29 12:29:57;SU26240RMFS0;188.0;53.0;FINAM
2024-08-26 10:17:51;SU26207RMFS9;17.0;83.0;FINAM
2024-08-28 19:29:57;SU26225RMFS1;169.0;59.0;FINAM
2024-08-28 19:29:57;SU26241RMFS8;140.0;71.0;FINAM
2024-08-30 10:17:43;FESH;111.0;44.71;FINAM
2024-09-02 11:59:52;SU26207RMFS9;120.0;83.0;FINAM
2024-09-02 16:31:38;AQUA;94.0;530.5;FINAM
2024-09-02 20:26:08;SU26230RMFS1;181.0;55.0;FINAM
2024-09-12 10:09:05;SU46012RMFS9;53.0;98.228;FINAM
2024-09-13 10:05:46;SU46012RMFS9;53.0;97.867;FINAM
2024-09-18 10:53:00;SU26219RMFS4;119.0;84.0;FINAM
2024-09-26 16:57:31;SU29022RMFS9;65.0;95.0;FINAM
2024-09-26 18:01:02;SU26212RMFS9;135.0;74.0;FINAM
2024-09-27 17:09:00;SU26228RMFS5;146.0;68.0;FINAM
2024-09-27 17:50:33;SU26242RMFS6;135.0;74.0;FINAM
2024-09-27 19:19:52;SU26232RMFS7;136.0;73.0;FINAM
2024-09-30 11:45:09;SU26229RMFS3;112.0;89.0;FINAM
2024-10-01 13:23:34;SU26236RMFS8;146.0;68.0;FINAM
2024-10-03 10:33:50;SU26226RMFS9;120.0;83.0;FINAM
2024-10-03 12:14:51;SU26243RMFS4;153.0;65.0;FINAM
2024-10-03 13:56:13;SU26218RMFS6;149.0;67.0;FINAM
2024-10-03 18:16:03;SU29023RMFS7;53.0;94.0;FINAM
2024-10-04 10:59:39;SU26239RMFS2;163.0;61.0;FINAM
2024-10-04 12:06:52;SU26224RMFS4;84.0;67.0;FINAM
2024-10-07 12:25:58;SU26238RMFS4;200.0;50.0;FINAM
2024-10-07 13:27:30;SU26224RMFS4;149.0;67.0;FINAM
2024-10-07 13:29:39;SU26237RMFS6;149.0;67.0;FINAM
2024-10-07 16:23:30;SU26221RMFS0;163.0;61.0;FINAM
2024-10-09 14:23:49;SU26241RMFS8;146.0;68.0;FINAM
2024-10-21 13:59:49;SU29023RMFS7;106.0;94.0;FINAM
2024-10-21 15:54:26;SU29024RMFS5;107.0;93.0;FINAM
2024-10-21 16:08:31;SU29022RMFS9;105.0;95.0;FINAM
2024-10-24 10:11:14;SU26242RMFS6;140.0;71.0;FINAM
2024-10-25 17:09:33;SU26235RMFS0;175.0;57.0;FINAM
2024-10-25 17:09:33;SU26235RMFS0;175.0;57.0;FINAM
2024-10-28 10:01:24;VKCO;333.0;300.0;FINAM
2024-10-28 10:03:40;SU26228RMFS5;153.0;65.0;FINAM
2024-10-28 10:05:41;SU26233RMFS5;200.0;50.0;FINAM
2024-10-28 10:09:57;SU26207RMFS9;125.0;80.0;FINAM
2024-10-28 10:25:31;SU26225RMFS1;178.0;56.0;FINAM
2025-03-06 11:30:36;UPRO;21.0;2.379;FINAM
2025-03-27 17:56:23;UPRO;53.0;1.87;FINAM
2025-04-09 14:01:23;RNFT;476.0;105.0;FINAM
2025-05-13 18:15:33;STSB;14.0;3.44;FINAM
2025-06-16 18:48:51;KZSB;2228.0;22.44;FINAM
2025-06-23 19:56:23;UPRO;33.0;1.5;FINAM
2025-06-30 17:55:04;KZSB;-2228.0;34.93;FINAM
2025-07-25 20:56:23;IVAT;273.0;183;FINAM
2025-07-31 14:38:17;SAGOP;18.0;2.675;FINAM
2025-10-01 09:46:10;MVID;707.0;70.65;FINAM
2025-10-21 18:15:10;UPRO;36.0;1.376;FINAM
2025-10-29 18:32:19;PIKK;-1.0;386.0;FINAM
2026-01-27 12:41:30;SU26235RMFS0;142.0;70.0;FINAM
2026-02-10 11:31:18;SU26221RMFS0;142.0;70.0;FINAM
2026-02-10 16:59:44;SU26254RMFS1;111.0;90.0;FINAM
2026-02-23 10:01:01;EUTR;524.0;133.4;FINAM
2026-02-23 10:01:03;GTRK;51.0;136.3;FINAM
2026-02-24 10:01:08;GTRK;56.0;125.0;FINAM
2026-03-30 18:35:02;SU26243RMFS4;138.0;72.0;FINAM
2026-04-15 10:41:19;SU26240RMFS0;163.0;62.0;FINAM
2026-04-16 11:47:34;SU26246RMFS7;116.0;88.956;FINAM
2026-04-16 11:52:31;SU26230RMFS1;163.0;63.0;FINAM
2026-04-16 11:52:31;SU26250RMFS9;116.0;88.0;FINAM
2026-04-24 13:41:19;NKHP;21.0;464.0;FINAM
2026-04-24 15:22:20;SU26238RMFS4;175.0;59.0;FINAM
2026-04-27 13:36:29;SU26240RMFS0;163.0;62.0;FINAM
2026-04-29 14:56:00;VKCO;400.0;250.0;FINAM
2026-04-29 14:56:00;RAGR;1000.0;100.0;FINAM
2026-05-15 10:00:39;SFIN;121.0;825.2;FINAM
2026-05-20 10:22:23;EUTR;1428.0;70.0;FINAM
2026-05-21 18:20:06;FESH;-111.0;71.0;FINAM
2026-06-04 16:42:19;STSB;-14.0;5.135;FINAM
2026-06-08 15:29:56;ASTR;360.0;194.4;FINAM
2026-06-08 15:29:56;IVAT;793.0;88.20;FINAM
2026-06-14 11:23:06;IVAT;913.0;76.6;FINAM
2026-06-15 11:23:06;IVAT;-472.0;80.3;FINAM
2026-06-22 10:04:45;WUSH;1270;55.08;FINAM
2026-06-22 10:04:45;IVAT;1125;62.2;FINAM
2026-06-22 10:04:45;ASTR;429;162.9;FINAM
2026-06-22 10:04:45;DATA;1022;68.46;FINAM
2026-06-22 10:04:45;UNAC;270;0.2585;FINAM
2026-06-22 13:13:52;ASTR;462;151.25;FINAM
2026-06-22 17:18:57;SU26226RMFS9;-236.0;98.54;FINAM