2017-02-24 10:34:37;GAZP;70;136.000000;VTB
2017-02-24 11:11:57;GMKN;1;9500.000000;VTB
2017-02-24 12:49:59;CHMF;10;860.000000;VTB
2017-02-24 13:31:39;HYDR;10000;1.000000;VTB
2017-02-27 11:20:01;ROSN;30;340.000000;VTB
2017-02-27 11:20:03;NVTK;10;770.000000;VTB
2017-02-27 11:46:45;MOEX;40;125.000000;VTB
2017-02-27 11:46:45;MOEX;40;125.000000;VTB
2017-02-28 10:03:12;SBER;60;160.000000;VTB
2017-02-28 10:10:17;FEES;50000;0.200000;VTB
2017-02-28 11:15:31;LKOH;3;3100.000000;VTB
2017-02-28 17:32:36;MOEX;80;123.120000;VTB
2017-02-28 17:33:01;FEES;30000;0.217400;VTB
2017-02-28 17:33:01;FEES;20000;0.217400;VTB
2017-02-28 17:33:32;GMKN;1;9324.000000;VTB
2017-02-28 17:33:50;SBER;60;156.940000;VTB
2017-02-28 17:34:13;ROSN;30;331.200000;VTB
2017-02-28 17:34:30;GAZP;70;133.310000;VTB
2017-02-28 17:35:35;NVTK;10;754.000000;VTB
2017-02-28 17:36:02;HYDR;10000;0.959000;VTB
2017-02-28 17:36:19;CHMF;10;823.800000;VTB
2017-03-02 11:33:06;LKOH;3;3100.000000;VTB
2017-03-02 18:45:22;NVTK;10;739.800000;VTB
2017-03-13 10:14:11;FEES;30000;0.170000;VTB
2017-03-13 10:15:36;FEES;30000;0.170000;VTB
2017-03-20 10:06:42;GAZP;50;129.470000;VTB
2017-03-20 10:07:17;ROSN;10;314.800000;VTB
2017-03-20 10:07:32;LKOH;2;3127.000000;VTB
2017-03-20 10:07:49;SBER;30;161.580000;VTB
2017-03-20 10:08:32;MOEX;50;115.460000;VTB
2017-03-20 10:08:45;CHMF;10;829.700000;VTB
2017-03-20 10:08:56;HYDR;6000;0.956300;VTB
2017-03-27 10:01:15;LKOH;1;3000.000000;VTB
2017-03-27 10:03:19;GMKN;-1;9025.000000;VTB
2017-03-27 10:03:51;ROSN;-10;313.100000;VTB
2017-03-27 10:05:09;ROSN;20;313.250000;VTB
2017-03-27 10:05:31;GMKN;2;9029.000000;VTB
2017-03-31 17:16:20;SBER;60;160.000000;VTB
2017-03-31 17:54:50;MOEX;10;112.020000;VTB
2017-03-31 17:54:50;MOEX;30;112.030000;VTB
2017-03-31 17:56:48;NVTK;10;703.500000;VTB
2017-04-03 10:03:01;GAZP;40;128.090000;VTB
2017-04-03 10:03:33;HYDR;5000;0.939900;VTB
2017-04-10 11:38:52;HYDR;5000;0.900000;VTB
2017-04-10 14:16:54;MOEX;40;107.670000;VTB
2017-04-10 14:17:12;ROSN;10;323.900000;VTB
2017-04-10 14:17:26;LKOH;1;2946.500000;VTB
2017-04-12 13:17:28;HYDR;6000;0.850000;VTB
2017-04-12 14:08:53;CHMF;10;800.000000;VTB
2017-04-12 16:51:18;GAZP;40;125.000000;VTB
2017-04-13 11:19:25;FEES;30000;0.167000;VTB
2017-04-13 11:42:17;SBER;60;150.000000;VTB
2017-04-17 10:02:56;ROSN;10;316.000000;VTB
2017-04-17 10:03:27;LKOH;2;2858.000000;VTB
2017-04-17 10:05:48;NVTK;10;686.300000;VTB
2017-04-17 10:07:49;GMKN;1;8738.000000;VTB
2017-04-17 10:09:14;MOEX;50;105.130000;VTB
2017-04-19 10:27:00;GMKN;1;8500.000000;VTB
2017-04-28 11:18:21;ROSN;30;320.000000;VTB
2017-05-02 16:05:40;CHMF;10;780.000000;VTB
2017-05-03 10:06:11;MTSS;120;254.900000;VTB
2017-05-03 11:00:50;LKOH;2;2800.000000;VTB
2017-05-11 17:29:08;NVTK;10;680.000000;VTB
2017-05-15 12:53:00;GAZP;40;130.000000;VTB
2017-05-16 12:58:34;MTSS;40;240.000000;VTB
2017-05-18 11:08:29;HYDR;6000;0.850000;VTB
2017-05-19 11:15:03;FEES;30000;0.180000;VTB
2017-05-22 10:03:11;ROSN;20;307.000000;VTB
2017-05-22 16:21:43;MOEX;50;101.000000;VTB
2017-05-24 17:31:52;GAZP;70;121.480000;VTB
2017-05-24 17:32:28;LKOH;2;2793.500000;VTB
2017-05-24 17:32:38;MOEX;60;102.240000;VTB
2017-05-24 17:32:50;CHMF;10;759.500000;VTB
2017-05-24 17:32:58;HYDR;8000;0.831500;VTB
2017-05-24 17:34:33;FEES;30000;0.182200;VTB
2017-05-24 17:34:49;MTSS;10;243.900000;VTB
2017-05-24 17:34:49;MTSS;10;243.900000;VTB
2017-05-24 17:34:49;MTSS;10;244.000000;VTB
2017-05-25 15:27:32;MOEX;50;100.000000;VTB
2017-05-29 10:05:52;NVTK;10;660.700000;VTB
2017-05-29 16:50:53;FEES;30000;0.170000;VTB
2017-05-31 10:04:05;GMKN;1;8000.000000;VTB
2017-05-31 13:28:34;GAZP;40;120.000000;VTB
2017-05-31 15:03:43;SBER;30;157.000000;VTB
2017-05-31 17:06:37;LKOH;2;2750.000000;VTB
2017-05-31 17:33:35;MTSS;20;240.000000;VTB
2017-05-31 18:39:56;ROSN;20;300.000000;VTB
2017-06-01 10:22:37;SNGS;1000;27.945000;VTB
2017-06-01 11:15:34;NVTK;10;630.000000;VTB
2017-06-08 10:16:38;SBER;30;153.000000;VTB
2017-06-08 10:54:56;HYDR;6000;0.800000;VTB
2017-06-08 11:15:03;FEES;30000;0.160000;VTB
2017-06-08 14:13:12;SNGS;200;26.000000;VTB
2017-06-13 11:29:22;CHMF;10;724.000000;VTB
2017-06-14 10:25:13;SBER;40;145.000000;VTB
2017-06-15 10:06:14;SNGS;200;25.000000;VTB
2017-06-15 10:34:34;GAZP;40;114.000000;VTB
2017-06-15 12:35:30;FEES;30000;0.150000;VTB
2017-06-16 10:00:30;SNGS;200;24.870000;VTB
2017-06-16 10:07:54;LKOH;2;2700.000000;VTB
2017-06-27 10:09:26;MTSS;30;230.000000;VTB
2017-06-30 10:15:07;SBERP;200;104.870000;VTB
2017-09-05 15:57:33;VTBR;160000;0.060000;VTB
2017-09-05 16:03:10;ROSN;30;300.000000;VTB
2017-09-14 10:56:56;POLY;16;640.000000;VTB
2017-09-14 16:59:51;RTKM;170;60.000000;VTB
2017-09-21 11:04:48;FEES;60000;0.170000;VTB
2017-09-25 11:01:43;IRAO;3000;3.800000;VTB
2017-10-04 11:09:34;GAZP;80;120.000000;VTB
2017-10-17 17:41:11;FEES;60000;0.170000;VTB
2017-10-19 10:59:04;IRAO;3000;3.700000;VTB
2017-10-20 10:35:05;MGNT;1;9000.000000;VTB
2017-10-20 16:39:01;MGNT;5;8500.000000;VTB
2017-10-24 10:15:04;FEES;70000;0.160000;VTB
2017-10-24 14:48:19;MGNT;1;8000.000000;VTB
2017-10-25 17:45:29;NVTK;10;650.000000;VTB
2017-10-26 10:00:20;IRAO;3000;3.588500;VTB
2017-10-26 12:41:30;ALRS;200;75.000000;VTB
2017-10-31 18:31:36;VTBR;170000;0.060000;VTB
2017-11-01 18:35:02;AFLT;200;167.150000;VTB
2017-11-02 12:19:36;MGNT;1;7500.000000;VTB
2017-11-02 14:54:00;IRAO;3000;3.500000;VTB
2017-11-14 13:32:58;MGNT;1;7000.000000;VTB
2017-11-14 18:01:14;VTBR;170000;0.059000;VTB
2017-11-15 10:01:14;VTBR;170000;0.058900;VTB
2017-11-15 10:01:15;MGNT;7;6452.000000;VTB
2017-11-15 12:32:51;VTBR;170000;0.057000;VTB
2017-11-16 10:02:13;VTBR;180000;0.055000;VTB
2017-11-16 12:04:05;VTBR;190000;0.053000;VTB
2017-11-16 12:45:21;ROSN;30;300.000000;VTB
2017-11-16 12:59:29;VTBR;960000;0.051550;VTB
2017-11-16 13:02:10;VTBR;-960000;0.051550;VTB
2017-11-28 18:02:01;RTKM;170;65.000000;VTB
2017-11-29 10:45:00;HYDR;13000;0.820000;VTB
2017-11-29 17:29:29;MFON;20;540.000000;VTB
2017-11-30 15:08:14;AFLT;100;150.000000;VTB
2017-12-05 11:23:25;HYDR;13000;0.800000;VTB
2017-12-07 15:15:58;VTBR;200000;0.051000;VTB
2017-12-13 10:05:23;AFLT;100;140.000000;VTB
2017-12-13 15:12:09;MFON;20;520.000000;VTB
2017-12-14 10:00:39;VTBR;200000;0.049470;VTB
2017-12-19 10:59:04;HYDR;13000;0.790000;VTB
2017-12-20 10:21:54;HYDR;13000;0.750000;VTB
2017-12-20 11:36:04;RSTI;13000;0.800000;VTB
2017-12-21 12:00:22;IRAO;3000;3.400000;VTB
2018-01-26 10:02:25;MGNT;2;6000.000000;VTB
2018-01-29 10:00:37;MGNT;2;5400.000000;VTB
2018-02-02 18:09:29;POLY;16;640.000000;VTB
2018-02-08 10:05:26;MGNT;2;4700.000000;VTB
2018-02-15 11:00:02;RU000A0JXQD7;10;700.000000;VTB
2018-02-15 11:00:02;RU000A0JXQD7;4;700.000000;VTB
2018-02-15 11:00:02;RU000A0JXQD7;40;621.100000;VTB
2018-02-16 15:13:01;GMKN;4;10954.000000;VTB
2018-02-16 16:25:28;MGNT;11;4509.000000;VTB
2018-02-20 11:10:23;MSRS;12000;0.800000;VTB
2018-02-20 11:48:00;X5;5;2000.000000;VTB
2018-03-14 12:59:05;RUAL;280;35.000000;VTB
2018-04-06 16:17:40;RUAL;330;31.000000;VTB
2018-04-10 10:24:00;RU000A0JXFC2;4;628.800000;VTB
2018-04-09 10:43:11;VTBR;480000;0.051480;VTB
2018-04-09 10:50:36;POLY;18;580.000000;VTB
2018-04-09 12:03:52;ALRS;300;83.230000;VTB
2018-04-09 12:08:58;SBER;100;238.280000;VTB
2018-04-09 12:32:39;SBERP;100;197.870000;VTB
2018-04-09 12:43:12;MSRS;14000;0.720000;VTB
2018-04-09 12:43:14;RSTI;32000;0.764400;VTB
2018-04-09 12:43:39;GAZP;190;131.090000;VTB
2018-04-09 12:44:11;AFLT;100;145.850000;VTB
2018-04-09 12:44:23;CHMF;30;819.500000;VTB
2018-04-09 12:44:24;NVTK;30;707.200000;VTB
2018-04-09 12:45:37;OGKB;25000;0.400000;VTB
2018-04-09 12:47:44;ROSN;10;296.050000;VTB
2018-04-09 12:47:45;ROSN;70;296.050000;VTB
2018-04-09 12:48:35;MFON;20;500.000000;VTB
2018-04-09 12:49:38;FEES;150000;0.161500;VTB
2018-04-09 12:50:27;HYDR;15000;0.700000;VTB
2018-04-09 12:51:44;SNGSP;900;27.470000;VTB
2018-04-09 12:52:17;HYDR;36000;0.694000;VTB
2018-04-09 12:52:47;OGKB;64000;0.386200;VTB
2018-04-09 12:57:43;MAGN;500;42.190000;VTB
2018-04-09 12:58:24;PHOR;5;2200.000000;VTB
2018-04-09 12:59:07;POLY;48;515.900000;VTB
2018-04-09 13:04:12;RTKM;170;62.000000;VTB
2018-04-09 16:32:44;LKOH;5;3649.000000;VTB
2018-04-09 16:32:44;LKOH;1;3649.000000;VTB
2018-04-09 16:37:29;MTSS;90;271.950000;VTB
2018-04-09 17:38:38;MFON;50;466.300000;VTB
2018-04-10 10:18:10;RSTI;15000;0.700000;VTB
2018-04-25 11:37:27;RU000A0ZYAP9;23;639.365766;VTB
2018-04-25 14:10:09;RU000A0JXNF9;11;625.200000;VTB
2018-04-26 11:14:28;X5;6;1700.000000;VTB
2018-05-30 16:21:12;RU000A0ZYJ42;34;611.700000;VTB
2018-07-25 17:57:44;MGNT;2;4000.000000;VTB
2018-08-02 10:00:02;AFLT;100;120.000000;VTB
2018-08-02 17:46:27;MOEX;100;100.000000;VTB
2018-08-13 12:03:56;RU000A0ZYJ83;33;60.0600000;VTB
2018-08-13 12:03:57;RU000A0JXRX3;33;60.3000000;VTB
2018-08-13 17:20:12;RU000A0JXQX5;34;58.7700000;VTB
2018-08-24 11:26:03;FEES;70000;0.150000;VTB
2018-09-10 10:36:12;VTBR;260000;0.039000;VTB
2018-09-10 13:21:32;RTKM;170;58.810000;VTB
2018-09-10 14:30:07;SBER;60;170.000000;VTB
2018-09-11 17:47:06;X5;6;1500.000000;VTB
2018-09-11 17:47:06;X5;1;1500.000000;VTB
2018-10-08 12:11:30;MOEX;30;95.000000;VTB
2018-10-08 12:11:30;MOEX;80;95.000000;VTB
2018-10-10 10:10:38;MGNT;3;3500.000000;VTB
2018-10-16 13:14:39;AFLT;100;100.000000;VTB
2018-10-17 11:21:49;HYDR;17000;0.580000;VTB
2018-10-22 10:22:52;MOEX;110;90.000000;VTB
2018-10-26 14:32:45;MOEX;120;85.000000;VTB
2018-11-20 13:38:24;RU000A0ZYTZ8;25;573.500000;VTB
2018-11-30 12:52:00;RSTI;14000;0.689500;VTB
2018-12-04 19:00:00;RU000A0ZYJ83;33;1000.000000;VTB
2018-12-03 12:37:23;MAGN;300;42.000000;VTB
2018-12-03 12:37:23;MAGN;200;41.910000;VTB
2018-12-07 17:02:32;MTSS;40;240.000000;VTB
2018-12-10 18:03:50;MTSS;40;230.000000;VTB
2018-12-11 13:23:13;SU26210RMFS3;10;991.700000;VTB
2018-12-11 13:25:50;SU26214RMFS5;10;980.870000;VTB
2018-12-11 13:26:58;SU26220RMFS2;10;974.180000;VTB
2018-12-11 12:02:39;HYDR;20000;0.500000;VTB
2018-12-12 11:25:28;SU26211RMFS1;10;96.0000000;VTB
2018-12-12 13:36:11;SU26207RMFS9;1;98.0000000;VTB
2018-12-12 16:50:40;SU26207RMFS9;9;98.0000000;VTB
2018-12-13 13:27:47;SU26214RMFS5;10;98.0000000;VTB
2018-12-14 13:33:45;SU26208RMFS7;10;100.0000000;VTB
2018-12-17 10:05:59;SU26220RMFS2;10;97.0000000;VTB
2018-12-18 10:02:19;SU26215RMFS2;10;95.0000000;VTB
2018-12-18 10:04:53;SU26218RMFS6;10;99.0000000;VTB
2018-12-18 10:05:25;SU26209RMFS5;10;98.0000000;VTB
2018-12-18 11:14:31;SU26222RMFS8;10;94.0000000;VTB
2018-12-19 11:04:27;SU26221RMFS0;10;92.0000000;VTB
2018-12-20 10:00:07;OGKB;15000;0.330000;VTB
2018-12-20 10:00:07;OGKB;2000;0.330000;VTB
2018-12-20 10:00:08;OGKB;13000;0.330000;VTB
2018-12-20 10:00:09;GAZP;60;150.000000;VTB
2018-12-21 11:52:31;TATN;10;700.000000;VTB
2018-12-24 11:32:38;VTBR;280000;0.035000;VTB
2018-12-25 10:39:48;FEES;70000;0.150000;VTB
2018-12-25 10:39:50;SNGS;400;26.000000;VTB
2018-12-25 10:40:18;MSRS;15000;0.650000;VTB
2018-12-25 13:13:33;MOEX;120;80.000000;VTB
2018-12-26 18:33:46;NLMK;70;150.000000;VTB
2018-12-29 12:23:04;TATN;20;650.000000;VTB
2018-12-29 12:23:04;TATN;10;649.400000;VTB
2019-01-24 15:54:35;NLMK;70;145.000000;VTB
2019-02-07 17:57:02;MOEX;110;90.000000;VTB
2019-02-25 10:27:02;RU000A0JXM97;44;60.9600000;VTB
2019-02-27 19:00:00;SU26208RMFS7;10;100.0000000;VTB
2019-03-05 10:00:14;AFLT;10;95.000000;VTB
2019-03-05 10:00:52;AFLT;10;95.000000;VTB
2019-03-11 10:58:14;SNGS;400;25.000000;VTB
2019-03-22 12:52:13;MOEX;110;90.000000;VTB
2019-03-27 11:34:40;GAZP;70;150.000000;VTB
2019-04-04 11:52:40;RU000A0ZZRB0;37;606.000000;VTB
2019-04-10 12:39:45;VTBR;310000;0.035000;VTB
2019-04-10 12:39:45;VTBR;330000;0.033210;VTB
2019-04-15 18:48:59;MGNT;3;3500.000000;VTB
2019-04-18 13:37:31;RU000A0ZZZ66;37;610.800000;VTB
2019-05-07 17:42:25;RU000A0JXQX5;38;59.4300000;VTB
2019-05-13 10:00:53;MOEX;120;85.000000;VTB
2019-05-14 10:00:03;RUAL;400;24.800000;VTB
2019-05-22 10:09:24;RU000A0ZYEE5;31;595.500000;VTB
2019-05-23 11:40:19;RUAL;430;23.000000;VTB
2019-05-29 11:17:11;AFLT;110;90.000000;VTB
2019-06-20 10:15:06;SU26221RMFS0;40;609.900000;VTB
2019-07-25 18:09:24;RU000A0JXEV5;34;617.200000;VTB
2019-08-05 10:09:43;MAGN;300;40.000000;VTB
2019-08-06 18:45:00;NLMK;70;144.800000;VTB
2019-08-07 10:00:14;SNGS;400;26.000000;VTB
2019-08-09 10:19:30;ALRS;140;75.000000;VTB
2019-08-13 12:34:45;VTBR;310000;0.04;VTB
2019-08-13 18:29:30;ALRS;140;73.000000;VTB
2019-08-14 13:19:00;NLMK;70;140.000000;VTB
2019-08-14 16:44:45;VTBR;310000;0.039;VTB
2019-08-16 10:11:43;MAGN;300;38.000000;VTB
2019-08-16 10:43:40;MTSS;40;255.000000;VTB
2019-08-23 15:15:45;VTBR;310000;0.038;VTB
2019-09-05 15:38:51;RTKM;220;71.110000;VTB
2019-09-06 17:31:51;NVTK;13;1201.200000;VTB
2019-09-16 16:51:51;POLY;11;900.000000;VTB
2019-09-11 11:40:02;RU000A0ZYXJ4;49;60.170000;VTB
2019-10-02 18:34:59;MGNT;3;3500.000000;VTB
2019-10-03 10:03:46;NLMK;80;134.660000;VTB
2019-10-03 10:03:19;CHMF;11;895.80000;VTB
2019-10-04 14:00:02;AFLT;100;100.000000;VTB
2019-10-04 17:19:59;MGNT;3;3400.000000;VTB
2019-10-07 10:44:46;NLMK;80;130.000000;VTB
2019-10-08 11:00:52;MOEX;130;90.000000;VTB
2019-10-08 15:27:59;MGNT;3;3300.000000;VTB
2019-10-14 10:34:30;ALRS;150;70.000000;VTB
2019-10-14 10:53:59;MGNT;3;3200.000000;VTB
2019-10-14 16:36:56;HYDR;20000;0.500000;VTB
2019-10-15 16:18:46;NLMK;80;125.000000;VTB
2019-10-15 16:37:43;MAGN;300;36.000000;VTB
2019-10-21 17:43:00;X5;5;1950.000000;VTB
2019-10-28 11:37:00;RU000A0ZZH84;48;61.54;VTB
2019-10-30 10:05:00;RU000A0JXQ44;4;97.77;VTB
2019-10-30 12:56:00;MRKP;40000;0.230000;VTB
2019-11-05 10:12:18;RU000A0ZZX19;30;97.15;VTB
2019-11-11 10:13:00;RU000A0JXQ44;6;97.79;VTB
2019-11-14 13:43:00;MRKP;50000;0.200000;VTB
2019-11-25 10:35:18;RU000A0ZYLF7;1;94.73;VTB
2019-11-25 10:36:18;RU000A0ZZRK1;1;98.88;VTB
2019-12-26 10:23:18;RU000A100K80;48;62.01;VTB
2020-02-25 10:05:18;MVID;30;400.00;VTB
2020-02-25 10:11:18;DSKY;220;89.08;VTB
2020-02-27 10:00:44;SNGS;400;40.205000;VTB
2020-02-28 10:00:44;TATN;16;660.000000;VTB
2020-02-28 10:00:44;AFLT;110;95.000000;VTB
2020-02-28 10:00:44;MOEX;170;92.300000;VTB
2020-02-28 10:00:44;FEES;80000;0.19478;VTB
2020-02-28 10:12:44;HYDR;27000;0.5773;VTB
2020-02-28 10:43:44;PHOR;5;2300;VTB
2020-02-28 12:35:44;MAGN;300;40;VTB
2020-03-02 10:08:18;RU000A1008J4;94;63.16;VTB
2020-03-02 15:06:44;NLMK;80;120;VTB
2020-03-02 15:06:44;CHMF;13;800;VTB
2020-03-02 15:23:44;RU000A0ZZYR2;99;60.31;VTB
2020-03-10 17:40:44;TATN;19;551.300000;VTB
2020-03-11 15:53:44;AFLT;140;77.000000;VTB
2020-03-12 10:04:44;MSNG;6000;1.7695;VTB
2020-03-12 10:04:44;ENRU;12000;0.8435;VTB
2020-03-12 10:05:44;ROSN;3;299.2;VTB
2020-03-12 10:06:44;AFKS;900;11.919;VTB
2020-03-12 10:06:44;MRKP;60000;0.1700;VTB
2020-03-12 10:27:44;SIBN;30;300;VTB
2020-03-12 10:30:44;VTBR;330000;0.034;VTB
2020-03-12 10:48:44;MGNT;4;2500;VTB
2020-03-12 10:50:44;FEES;70000;0.15;VTB
2020-03-12 12:24:44;TGKA;1000000;60.36;VTB
2020-03-12 13:27:44;AFLT;140;70;VTB
2020-03-12 13:38:44;RU000A100PQ8;99;0.010778;VTB
2020-03-12 13:50:44;TATNP;22;480;VTB
2020-03-12 15:30:44;X5;7;1700;VTB
2020-03-12 15:53:44;TATN;22;480;VTB
2020-03-12 16:28:44;ROSN;4;274.7;VTB
2020-03-12 16:41:44;SBERP;70;170;VTB
2020-03-12 16:41:44;RSTI;10000;1.0102;VTB
2020-03-12 16:43:44;NLMK;90;110;VTB
2020-03-12 18:18:44;HYDR;22000;0.48;VTB
2020-03-12 18:19:44;PHOR;5;2200;VTB
2020-03-12 18:33:44;NVTK;13;799.4;VTB
2020-03-12 18:45:44;RUAL;400;25;VTB
2020-03-13 17:40:44;UPRO;4000;2.5;VTB
2020-03-13 18:02:44;PHOR;5;2100;VTB
2020-03-13 18:45:44;ALRS;150;62.79;VTB
2020-03-16 10:02:44;GAZP;80;159.23;VTB
2020-03-16 10:02:44;TATN;22;440.8;VTB
2020-03-16 10:02:44;VTBR;330000;159.0.029995;VTB
2020-03-16 10:02:44;MSNG;6000;1.5905;VTB
2020-03-16 10:02:44;UPRO;4000;2.387;VTB
2020-03-16 10:02:44;TATNP;25;431.4;VTB
2020-03-16 10:02:44;NKHP;50;200;VTB
2020-03-16 10:03:44;MRKP;70000;0.15;VTB
2020-03-16 10:03:44;AFKS;900;10.811;VTB
2020-03-16 10:03:44;RUAL;430;23;VTB
2020-03-16 10:03:44;NVTK;14;750;VTB
2020-03-16 11:50:44;SIBN;40;270;VTB
2020-03-16 11:53:44;ENRU;12000;0.7880;VTB
2020-03-16 13:01:44;VTBR;330000;0.3;VTB
2020-03-16 13:17:44;TATNP;25;420;VTB
2020-03-16 14:18:44;MAGN;300;33;VTB
2020-03-16 15:46:44;SNGS;400;25;VTB
2020-03-16 16:18:44;LSRG;17;600;VTB
2020-03-16 16:32:44;ALRS;180;58;VTB
2020-03-16 16:41:44;VTBR;350000;0.029;VTB
2020-03-16 16:44:44;FEES;70000;0.14;VTB
2020-03-17 10:37:44;DSKY;120;84;VTB
2020-03-17 11:19:44;RTKMP;170;60;VTB
2020-03-17 11:43:44;TATN;22;420;VTB
2020-03-17 11:58:44;LSRG;19;550;VTB
2020-03-17 12:33:44;TATNP;25;400;VTB
2020-03-17 13:28:44;AFLT;150;64;VTB
2020-03-17 13:33:44;MRKP;70000;0.14;VTB
2020-03-17 14:33:44;TGKA;1100000;0.009;VTB
2020-03-17 15:07:44;SIBN;40;250;VTB
2020-03-17 16:22:44;NKHP;50;190;VTB
2020-03-17 16:28:44;UPRO;4000;2.3;VTB
2020-03-17 16:42:44;ROSN;40;250;VTB
2020-03-17 17:02:44;VTBR;350000;0.029;VTB
2020-03-18 10:05:44;MSNG;7000;1.5;VTB
2020-03-18 10:56:44;AFLT;180;60;VTB
2020-03-18 11:44:44;LKOH;3;4000;VTB
2020-03-18 12:41:44;DSKY;140;75;VTB
2020-03-18 12:46:44;TATN;25;400;VTB
2020-03-18 14:22:44;TGKA;1200000;0.008002;VTB
2020-03-18 15:15:44;RUAL;450;21;VTB
2020-03-18 16:03:44;TATNP;27;370;VTB
2020-03-18 16:05:44;ALRS;190;53;VTB
2020-03-18 16:10:44;MOEX;140;80;VTB
2020-03-18 16:12:44;VTBR;350000;0.028;VTB
2020-03-18 16:22:44;ROSN;40;230;VTB
2020-03-18 16:27:44;ALRS;210;51.91;VTB
2020-03-18 16:31:44;NKNCP;110;70;VTB
2020-03-19 10:17:44;NVTK;15;700;VTB
2020-03-19 10:17:44;NLMK;100;100;VTB
2020-03-19 10:20:44;NKNCP;150;65;VTB
2020-03-25 12:51:44;OGKB;23000;0.4648;VTB
2020-04-09 14:29:44;NKNC;130;75.0000;VTB
2020-04-16 10:05:18;MVID;30;350.00;VTB
2020-05-26 10:02:44;NKHP;60;180;VTB
2020-06-03 11:04:44;TATN;27;501.2;VTB
2020-07-17 10:06:19;RU000A0ZZXM5;25;98.49;VTB
2020-07-23 18:33:57;RU000A0JXNF9;25;98.07;VTB
2020-08-03 19:05:32;RUAL;125;22.985;VTB
2020-08-20 12:22:18;RU000A101UR4;27;91.58;VTB
2020-09-14 11:48:25;RU000A0ZZZ66;25;98.31;VTB
2020-10-19 10:40:46;NKNC;13;80;VTB
2020-10-19 14:34:02;RU000A0ZYNY4;27;89.64;VTB
2020-10-19 22:15:57;TATNP;28;400;VTB
2020-10-27 16:46:44;GAZP;7;160;VTB
2020-10-28 11:53:10;GAZP;7;155;VTB
2020-10-28 12:02:47;LKOH;3;4000;VTB
2020-10-28 12:02:50;TATN;25;400;VTB
2020-12-29 14:19:26;RU000A1029A9;285;59.43;VTB
2021-09-23 13:29:33;FLOT;12.0;85.0;VTB
2021-10-29 16:26:37;FLOT;15.0;85.0;VTB
2021-11-23 16:13:18;FLOT;15.0;80.0;VTB
2021-12-13 11:42:45;FLOT;15.0;77.0;VTB
2021-10-27 16:26:37;CRTX_SPB;6;15.36;VTB
2021-12-14 07:27:32;VTBR;28.0;0.03909;VTB
2021-12-14 11:26:33;HMSG;33.0;300.0;VTB
2021-12-20 10:01:27;FLOT;15.0;72.0;VTB
2021-12-29 16:03:16;FIXP;20.0;500.0;VTB
2022-01-24 11:05:39;FEES;8.0;0.15;VTB
2022-01-13 17:52:59;SU26237RMFS6;57.0;88.0;VTB
2022-01-13 17:53:09;SU26218RMFS6;52.0;98.0;VTB
2022-01-13 18:05:29;SU26235RMFS0;61.0;82.0;VTB
2022-01-13 18:12:59;SU26224RMFS4;57.0;89.0;VTB
2022-01-13 18:13:09;SU26228RMFS5;54.0;93.0;VTB
2022-01-13 18:15:29;SU26226RMFS9;53.0;96.0;VTB
2022-01-13 18:25:06;SU26236RMFS8;60.0;84.0;VTB
2022-01-13 18:30:06;SU26212RMFS9;55.0;91.0;VTB
2022-01-13 20:29:21;SU26219RMFS4;53.0;95.0;VTB
2022-01-14 13:16:56;SU26221RMFS0;55.0;91.0;VTB
2022-01-14 13:22:56;SU26230RMFS1;56.0;89.0;VTB
2022-01-14 14:41:44;SU26225RMFS1;57.0;87.0;VTB
2022-01-14 14:41:46;SU26238RMFS4;60.0;83.0;VTB
2022-01-14 15:05:46;SU26233RMFS5;65.0;77.0;VTB
2022-01-17 16:22:37;SU26207RMFS9;53.0;95.0;VTB
2022-01-18 12:03:58;SU26232RMFS7;59.0;85.0;VTB
2022-01-18 16:42:57;MGNT;2.0;4848.5;VTB
2022-01-18 19:07:25;POGR;6.0;15.69;VTB
2022-01-19 08:54:24;X5;8.0;1700.0;VTB
2022-01-24 11:31:18;SU26218RMFS6;53.0;94.0;VTB
2022-01-24 13:15:40;FIXP;25.0;400.0;VTB
2022-01-24 13:43:40;FLOT;17.0;68.0;VTB
2022-01-24 14:08:03;TATNP;54.0;394.6;VTB
2022-01-24 14:08:03;NMTP;16.0;6.0;VTB
2022-01-24 15:21:00;AFLT;21.0;51.44;VTB
2022-01-24 15:27:12;SU26235RMFS0;63.0;78.0;VTB
2022-01-24 16:46:38;SU26229RMFS3;54.0;92.0;VTB
2022-01-25 18:00:34;SU26234RMFS3;59.0;85.0;VTB
2022-01-26 10:27:50;SU26228RMFS5;56.0;89.0;VTB
2022-01-27 07:00:34;FEES;8.0;0.14;VTB
2022-01-27 10:18:57;SU26225RMFS1;60.0;83.0;VTB
2022-02-11 21:56:09;SU26230RMFS1;59.0;85.0;VTB
2022-02-11 22:03:02;SU26238RMFS4;63.0;79.0;VTB
2022-02-14 10:02:22;U-RM;1.0;69.39;VTB
2022-02-14 10:10:30;U-RM;-1.0;109.69;VTB
2022-02-14 10:14:55;NIO-RM;6.0;15.08;VTB
2022-02-14 10:28:21;NIO-RM;-6.0;23.54;VTB
2022-02-14 11:07:02;SU26221RMFS0;57.0;87.0;VTB
2022-02-14 11:35:02;SU26224RMFS4;58.0;85.0;VTB
2022-02-14 12:03:02;SU26226RMFS9;54.0;92.0;VTB
2022-02-14 12:12:02;SU26212RMFS9;57.0;87.0;VTB
2022-02-14 12:15:02;SU26233RMFS5;69.0;73.0;VTB
2022-02-14 13:07:25;SU26236RMFS8;62.0;80.0;VTB
2022-02-14 14:25:21;SU26222RMFS8;54.0;93.0;VTB
2022-02-18 23:33:00;IRAO;3000;3.500000;VTB
2022-02-21 14:33:00;FEES;8;0.130000;VTB
2022-02-21 14:33:00;IRAO;45;3.200000;VTB
2022-02-21 14:33:00;IRAO;35;3.096000;VTB
2022-02-21 14:33:00;UPRO;5;2.3000;VTB
2022-02-21 14:33:00;MVID;33;350;VTB
2022-02-21 14:25:21;SU26219RMFS4;55.0;91.0;VTB
2022-02-21 14:33:00;AFLT;21;50.28;VTB
2022-02-21 17:33:00;FLOT;17;63.0;VTB
2022-02-21 17:33:00;MGNT;2;4575.0;VTB
2022-02-21 17:25:21;SU26218RMFS6;56.0;90.0;VTB
2022-02-21 17:25:21;SU26207RMFS9;55.0;91.0;VTB
2022-02-21 17:25:21;SU26221RMFS0;29.0;83.378;VTB
2022-02-21 17:33:00;FEES;9;0.120000;VTB
2022-02-21 17:33:00;VTBR;31;0.035015;VTB
2022-02-21 17:25:21;SU26232RMFS7;62.0;81.0;VTB
2022-02-21 18:33:00;MGNT;2;4334.5;VTB
2022-02-21 18:33:00;TATNP;28;391.5;VTB
2022-02-21 18:33:00;ENRU;14;0.75;VTB
2022-02-21 17:25:21;SU26230RMFS1;62.0;81.0;VTB
2022-02-21 17:33:00;FEES;9;0.11538;VTB
2022-02-21 17:33:00;UPRO;6;2.2000;VTB
2022-02-21 17:33:00;VTBR;33;0.032735;VTB
2022-02-21 17:33:00;X5;6;1605.0;VTB
2022-02-21 17:25:21;SU26238RMFS4;67.0;75.0;VTB
2022-02-21 17:33:00;AFLT;23;47.62;VTB
2022-02-21 17:33:00;MVID;34;320.1;VTB
2022-02-21 17:25:21;SU26221RMFS0;61.0;83.0;VTB
2022-02-21 17:25:21;RU000A102T63;37.0;53.98;VTB
2022-02-21 17:25:21;SU26226RMFS9;27.0;90.172;VTB
2022-02-21 17:33:00;NMTP;42;5.145;VTB
2022-02-21 17:25:21;SU26225RMFS1;63.0;79.0;VTB
2022-02-21 17:25:21;SU26235RMFS0;68.0;74.0;VTB
2022-02-21 17:25:21;SU26219RMFS4;27.0;89.668;VTB
2022-02-21 21:28:18;X5;7.0;1520.5;VTB
2022-02-21 21:49:32;POGR;8.0;13.0;VTB
2022-02-21 21:50:38;MTSS;4.0;250.0;VTB
2022-02-21 21:52:07;TATNP;29.0;370.9;VTB
2022-02-21 21:52:39;IRAO;38.0;2.833;VTB
2022-02-21 21:54:11;FEES;10.0;0.11;VTB
2022-02-21 22:05:22;MTSS;4.0;240.95;VTB
2022-02-21 22:08:40;GLTR;2.0;439.95;VTB
2022-02-21 22:14:03;VTBR;34.0;0.03;VTB
2022-02-21 22:15:22;TATN;28.0;379.5;VTB
2022-02-21 22:16:24;SU26228RMFS5;59.0;85.0;VTB
2022-02-21 22:17:41;AFLT;25.0;43.0;VTB
2022-02-21 22:18:52;SNGS;4.0;25.71;VTB
2022-02-21 22:19:29;ENPG;15.0;709.5;VTB
2022-02-21 23:08:12;RTKM;17.0;62.77;VTB
2022-02-22 10:06:53;ENRU;20;0.7;VTB
2022-02-22 10:01:11;ETLN;133;75;VTB
2022-02-22 10:03:43;X5;8;1500;VTB
2022-02-22 10:04:47;X5;10;1496;VTB
2022-02-22 10:01:06;FLOT;20;60;VTB
2022-02-22 10:07:10;FLOT;28;52.68;VTB
2022-02-22 10:05:07;GEMC;12;850;VTB
2022-02-22 10:24:11;HMSG;4;250;VTB
2022-02-22 10:08:17;IRAO;40;2.7;VTB
2022-02-22 10:14:41;KZOS;15;72;VTB
2022-02-22 10:03:42;MGNT;6;4099.5;VTB
2022-02-22 10:00:33;MTSS;12;229.5;VTB
2022-02-22 10:04:28;MVID;50;300;VTB
2022-02-22 10:06:49;MVID;52;285.7;VTB
2022-02-22 10:08:41;NMTP;20;5;VTB
2022-02-22 10:05:22;PIKK;48;605.6;VTB
2022-02-22 10:05:46;POGR;9;12;VTB
2022-02-22 7:00:26;RTKM;17;62.49;VTB
2022-02-22 10:08:15;RTKM;20;60;VTB
2022-02-22 10:00:27;RTKMP;20;60;VTB
2022-02-22 10:08:01;RU000A103N43;25;56.3;VTB
2022-02-22 10:04:28;RU000A103QH9;4;52.76;VTB
2022-02-22 10:13:13;SNGS;10;26.645;VTB
2022-02-22 10:21:44;SPBE;20;500;VTB
2022-02-22 10:14:11;SU26207RMFS9;22;88.42;VTB
2022-02-22 10:31:09;SU26212RMFS9;61;83;VTB
2022-02-22 10:14:45;SU26224RMFS4;62;81;VTB
2022-02-22 10:09:50;SU26229RMFS3;56;88;VTB
2022-02-22 10:08:12;SU26230RMFS1;66;77;VTB
2022-02-22 10:05:18;SU26233RMFS5;73;69;VTB
2022-02-22 10:11:01;SU26234RMFS3;62;81;VTB
2022-02-22 10:20:55;SU26236RMFS8;19;76;VTB
2022-02-22 10:06:55;TATN;80;371.3;VTB
2022-02-22 10:03:06;TATNP;84;356.7;VTB
2022-02-22 10:03:26;UPRO;7;2.088;VTB
2022-02-24 07:00:39;AFLT;66;44.24;VTB
2022-02-24 07:13:19;DSKY;36;79.2;VTB
2022-02-24 07:08:41;ENPG;46;635.5;VTB
2022-02-24 07:01:18;FEES;28;0.10218;VTB
2022-02-24 07:01:03;X5;18;1536.5;VTB
2022-02-24 07:06:38;GLTR;3;418.75;VTB
2022-02-24 07:03:37;HYDR;44;0.654;VTB
2022-02-24 07:01:14;IRAO;53;2.8135;VTB
2022-02-24 07:01:52;MGNT;3;3932.5;VTB
2022-02-24 07:04:37;MTSS;12;224.1;VTB
2022-02-24 07:03:00;PIKK;52;562.4;VTB
2022-02-24 07:43:12;RTKM;52;57.37;VTB
2022-02-24 07:00:46;SNGS;10;26.05;VTB
2022-02-24 07:01:46;TATN;78;379.4;VTB
2022-02-24 07:00:39;TATNP;41;360.9;VTB
2022-02-24 07:00:39;VTBR;100;0.029635;VTB
2022-02-24 11:28:13;AFLT;47;31.62;VTB
2022-02-24 11:14:32;AGRO;19;757.4;VTB
2022-02-24 10:01:39;AKRN;1;11744;VTB
2022-02-24 11:26:25;ALRS;23;64.31;VTB
2022-02-24 11:11:24;DSKY;24;61.66;VTB
2022-02-24 11:11:11;ENPG;35;423;VTB
2022-02-24 10:11:22;ENRU;23;0.6332;VTB
2022-02-24 11:18:03;ENRU;26;0.5706;VTB
2022-02-24 10:02:14;ETLN;249;60.14;VTB
2022-02-24 11:12:14;X5;13;1098.5;VTB
2022-02-24 10:01:33;FLOT;29;51.29;VTB
2022-02-24 11:10:52;FLOT;34;43.56;VTB
2022-02-24 10:05:48;GCHE;6;2443;VTB
2022-02-24 11:11:00;HHRU;6;2291;VTB
2022-02-24 11:10:51;IRAO;61;2.451;VTB
2022-02-24 10:30:51;KZOS;23;63.3;VTB
2022-02-24 11:16:49;KZOS;28;52.7;VTB
2022-02-24 10:01:42;LSNGP;11;126.4;VTB
2022-02-24 10:33:12;LSRG;30;485.2;VTB
2022-02-24 11:34:21;LSRG;37;404.2;VTB
2022-02-24 11:27:59;MAGN;38;38.815;VTB
2022-02-24 11:18:16;MGNT;5;2810.5;VTB
2022-02-24 11:31:03;MOEX;20;73.37;VTB
2022-02-24 10:01:31;MRKP;9;0.16;VTB
2022-02-24 11:18:41;MSNG;11;1.302;VTB
2022-02-24 10:01:33;MVID;52;283.7;VTB
2022-02-24 11:11:32;MVID;68;218.8;VTB
2022-02-24 10:12:50;NMTP;31;4.755;VTB
2022-02-24 11:10:52;PIKK;27;541.6;VTB
2022-02-24 11:29:50;PLZL;1;9375;VTB
2022-02-24 11:12:59;POGR;17;8.635;VTB
2022-02-24 10:01:30;RSTI;19;0.765;VTB
2022-02-24 11:10:51;RSTI;23;0.6335;VTB
2022-02-24 10:26:37;RSTIP;12;1.241;VTB
2022-02-24 11:19:15;RSTIP;14;1.034;VTB
2022-02-24 11:17:12;RTKM;30;49.98;VTB
2022-02-24 10:25:40;RTKMP;28;52.5;VTB
2022-02-24 11:21:57;RTKMP;31;47.3;VTB
2022-02-24 10:10:59;RU000A1015A8;48;57.45;VTB
2022-02-24 10:06:22;RU000A101S81;7;54.61;VTB
2022-02-24 10:48:06;RU000A1030D1;164;55.66;VTB
2022-02-24 10:08:59;RU000A103760;19;49.8;VTB
2022-02-24 10:27:23;RU000A103N43;35;54.96;VTB
2022-02-24 12:16:05;SBER;100;100;VTB
2022-02-24 10:01:45;SGZH;21;7.118;VTB
2022-02-24 10:02:06;SMLT;4;3107;VTB
2022-02-24 10:04:07;SU26207RMFS9;22;87.1;VTB
2022-02-24 12:20:43;SU26207RMFS9;57;81.408;VTB
2022-02-24 10:03:51;SU26212RMFS9;24;80.711;VTB
2022-02-24 11:11:14;SU26212RMFS9;65;77.39;VTB
2022-02-24 12:21:17;SU26212RMFS9;65;74.715;VTB
2022-02-24 10:01:25;SU26218RMFS6;58;84.245;VTB
2022-02-24 10:03:29;SU26219RMFS4;43;86.344;VTB
2022-02-24 11:10:51;SU26219RMFS4;57;84.346;VTB
2022-02-24 12:20:22;SU26219RMFS4;57;82.9;VTB
2022-02-24 10:05:07;SU26222RMFS8;22;88.991;VTB
2022-02-24 11:13:44;SU26222RMFS8;56;86.74;VTB
2022-02-24 12:21:05;SU26222RMFS8;56;84.991;VTB
2022-02-24 10:04:31;SU26224RMFS4;25;77.856;VTB
2022-02-24 12:20:51;SU26224RMFS4;66;73.09;VTB
2022-02-24 10:01:22;SU26225RMFS1;67;73.979;VTB
2022-02-24 10:03:13;SU26226RMFS9;23;86.906;VTB
2022-02-24 10:05:16;SU26228RMFS5;24;80.379;VTB
2022-02-24 10:04:45;SU26229RMFS3;23;86.121;VTB
2022-02-24 11:11:26;SU26229RMFS3;58;84.69;VTB
2022-02-24 10:04:50;SU26230RMFS1;27;73.894;VTB
2022-02-24 10:03:33;SU26232RMFS7;25;77.113;VTB
2022-02-24 11:10:59;SU26232RMFS7;66;75.654;VTB
2022-02-24 12:21:40;SU26232RMFS7;66;74.415;VTB
2022-02-24 10:03:58;SU26233RMFS5;30;65.823;VTB
2022-02-24 10:03:48;SU26234RMFS3;25;79.752;VTB
2022-02-24 10:01:24;SU26235RMFS0;72;70;VTB
2022-02-24 10:01:43;SU26236RMFS8;67;75;VTB
2022-02-24 10:04:44;SU26237RMFS6;25;77.335;VTB
2022-02-24 10:01:57;SU26238RMFS4;72;70;VTB
2022-02-24 10:02:43;TGKA;19;0.007676;VTB
2022-02-24 12:13:24;TRMK;222;45;VTB
2022-02-24 09:52:48;TRNFP;1;128650;VTB
2022-02-24 11:16:58;TRNFP;1;106550;VTB
2022-02-24 10:02:18;UPRO;8;1.74;VTB
2022-02-24 11:10:51;UPRO;9;1.614;VTB
2022-02-24 10:06:33;VSMO;1;41500;VTB
2022-02-24 11:15:24;VTBR;74;0.02007;VTB
2022-02-24 18:16:51;ETLN;331;45.22;VTB
2022-02-24 18:16:51;HHRU;7;1909;VTB
2022-02-24 17:14:30;OGKB;49;0.3031;VTB
2022-02-24 15:31:15;RU000A103MU1;3;56.16;VTB
2022-02-24 13:54:47;RU000A104479;29;42.65;VTB
2022-02-24 18:16:51;SMLT;6;2336;VTB
2022-02-24 18:19:37;SU26212RMFS9;73;68.286;VTB
2022-02-24 18:16:55;SU26218RMFS6;63;74.98;VTB
2022-02-24 18:17:49;SU26221RMFS0;66;69.89;VTB
2022-02-24 18:24:23;SU26224RMFS4;73;66.49;VTB
2022-02-24 18:22:10;SU26225RMFS1;73;64.086;VTB
2022-02-24 18:18:51;SU26226RMFS9;60;81.99;VTB
2022-02-24 18:17:06;SU26228RMFS5;26;76.192;VTB
2022-02-24 18:17:22;SU26230RMFS1;69;68.99;VTB
2022-02-24 18:20:46;SU26232RMFS7;73;67.44;VTB
2022-02-24 18:19:01;SU26233RMFS5;79;59.889;VTB
2022-02-24 18:17:01;SU26234RMFS3;66;75.39;VTB
2022-02-24 18:17:50;SU26235RMFS0;79;63.49;VTB
2022-02-24 18:22:04;SU26236RMFS8;72;68.89;VTB
2022-02-24 18:17:38;SU26237RMFS6;63;71.99;VTB
2022-02-24 18:30:44;SU26238RMFS4;57;61.09;VTB
2022-02-24 16:10:40;VTBR;500;0.02;VTB
2022-02-24 19:58:38;SU26228RMFS5;26;74.518;VTB
2022-02-24 19:58:38;SU26221RMFS0;30;66.633;VTB
2022-02-24 19:59:08;SU26230RMFS1;29;66.82;VTB
2022-02-24 20:00:42;SU26229RMFS3;61;80;VTB
2022-02-24 20:01:02;SU26233RMFS5;33;58.894;VTB
2022-02-24 20:05:32;SU26237RMFS6;28;71.024;VTB
2022-02-24 20:07:24;SU26235RMFS0;32;61.338;VTB
2022-02-24 20:08:08;SU26236RMFS8;29;68.332;VTB
2022-02-24 20:09:48;SU26229RMFS3;2;80;VTB
2022-02-24 20:53:40;SU26226RMFS9;24;80.859;VTB
2022-03-25 09:59:32;AFLT;72.0;27.64;VTB
2022-03-28 10:00:41;MVID;94.0;210.7;VTB
2022-03-28 10:00:43;ENRU;38.0;0.5132;VTB
2022-03-28 10:01:49;SMLT;9.0;2077.0;VTB
2022-03-28 10:04:05;SPBE;67.0;296.9;VTB
2022-04-27 10:01:11;VTBR;555.0;0.019145;VTB
2022-05-25 13:37:05;SPBE;500.0;200.0;VTB
2022-06-03 10:01:12;CHMF;125.0;800.0;VTB
2022-06-03 11:16:53;CHMF;142.0;700.0;VTB
2022-06-03 11:17:27;CHMF;28.0;691.2;VTB
2022-06-03 11:34:08;MAGN;303.0;33.0;VTB
2022-06-03 11:41:20;MOEX;117.0;85.0;VTB
2022-06-07 10:28:22;MAGN;333.0;30.0;VTB
2022-06-07 11:43:18;VTBR;588.0;0.017;VTB
2022-06-08 17:44:48;UPRO;83.0;1.2;VTB
2022-06-30 10:56:22;ENPG;200.0;500.0;VTB
2022-07-04 13:24:50;PLZL;12.0;8000.0;VTB
2022-07-07 13:04:55;SPBE;666.0;150.0;VTB
2022-07-14 18:29:35;FLOT;285.0;35.0;VTB
2022-07-15 11:08:36;MAGN;370.0;27.0;VTB
2022-07-16 16:51:51;POLY;-11;344.000000;VTB
2022-07-19 11:44:56;ENPG;250.0;400.0;VTB
2022-07-20 14:56:10;SPBE;1000.0;100.0;VTB
2022-08-03 10:00:03;MAGN;86.0;23.25;VTB
2022-08-03 13:36:57;RSTI;27.0;0.7145;VTB
2022-08-09 10:27:35;PLZL;14.0;7000.0;VTB
2022-09-12 10:23:15;RU000A104B79;18.0;57.75;VTB
2022-09-16 11:10:53;SGZH;142.0;7.0;VTB
2022-09-20 15:09:47;SNGSP;7.0;27.0;VTB
2022-09-21 10:00:17;NLMK;100.0;99.62;VTB
2022-09-21 10:00:34;SGZH;166.0;6.0;VTB
2022-09-21 10:01:10;MVID;555.0;180.0;VTB
2022-09-21 10:02:32;SNGSP;40.0;25.0;VTB
2022-09-26 21:41:58;NLMK;125.0;80.0;VTB
2022-09-27 10:14:09;SGZH;200.0;5.0;VTB
2022-09-27 16:28:50;MTSS;55.0;180.0;VTB
2022-09-29 13:17:06;VTBR;666.0;0.015;VTB
2022-09-30 10:33:33;PLZL;20.0;5000.0;VTB
2022-09-30 15:22:00;LSRG;195.0;400.0;VTB
2022-11-08 11:21:39;DSKY;200.0;50.0;VTB
2022-11-08 11:34:48;DSKY;43.0;45.78;VTB
2022-11-15 10:57:21;RU000A1049P5;297.0;40.62;VTB
2022-11-21 10:13:45;RU000A1049P5;-297.0;48;VTB
2023-05-11 16:24:14;RU000A0JXQ44;92.0;98.0;VTB
2023-05-24 15:58:20;MGNT;8.0;4149.5;VTB
2024-04-25 18:45:16;RU000A0JXQK2;5.0;95.25;VTB
2023-08-03 11:27:21;SU26232RMFS7;112.0;87.0;VTB
2023-08-04 13:01:18;SU26219RMFS4;104.0;95.0;VTB
2023-08-08 11:54:38;SU26207RMFS9;104.0;95.0;VTB
2023-08-08 13:10:49;SU26226RMFS9;104.0;95.0;VTB
2023-08-09 11:19:18;SU26229RMFS3;104.0;95.0;VTB
2023-08-09 11:36:29;SU26236RMFS8;119.0;83.0;VTB
2023-08-09 12:04:59;SU26212RMFS9;110.0;89.0;VTB
2023-08-09 13:03:23;SU26224RMFS4;116.0;85.0;VTB
2023-08-09 15:02:03;SU26230RMFS1;131.0;76.0;VTB
2023-08-10 11:01:53;SU26238RMFS4;142.0;70.0;VTB
2023-08-10 17:42:48;SU26218RMFS6;113.0;88.0;VTB
2023-08-10 19:42:48;SU26225RMFS1;128.0;77.0;VTB
2023-08-14 10:18:02;SU26228RMFS5;117.0;86.0;VTB
2023-08-14 11:13:46;SU26233RMFS5;147.0;68.0;VTB
2023-08-14 11:30:07;SU26235RMFS0;133.0;74.86;VTB
2023-08-14 21:01:17;SU26219RMFS4;107.0;93.0;VTB
2023-08-14 22:55:06;SU26232RMFS7;158.0;85.0;VTB
2023-09-06 10:59:17;SU26207RMFS9;107.0;92.0;VTB
2023-09-06 12:08:57;SU26226RMFS9;107.0;92.0;VTB
2023-09-06 13:08:00;SU26224RMFS4;120.0;82.0;VTB
2023-09-06 13:19:38;SU26234RMFS3;111.0;89.0;VTB
2023-09-06 13:20:44;SU26237RMFS6;120.0;82.0;VTB
2023-09-06 15:49:52;SU26212RMFS9;114.0;86.0;VTB
2023-09-07 10:21:53;SU26236RMFS8;123.0;80.0;VTB
2023-09-07 10:43:36;SU26229RMFS3;107.0;92.0;VTB
2023-09-07 10:54:49;SU26218RMFS6;117.0;85.0;VTB
2023-09-07 11:16:03;SU26221RMFS0;125.0;79.0;VTB
2023-09-07 11:31:05;SU26228RMFS5;119.0;83.0;VTB
2023-09-07 11:57:41;SU26238RMFS4;147.0;67.0;VTB
2023-09-07 12:56:00;SU26230RMFS1;135.0;73.0;VTB
2023-09-08 14:53:25;SU26232RMFS7;120.0;82.0;VTB
2023-09-08 17:52:24;SU26225RMFS1;133.0;74.0;VTB
2023-09-08 18:45:28;SU26219RMFS4;109.0;90.0;VTB
2023-09-11 10:32:04;RU000A1041Q0;50.0;59.6;VTB
2023-09-28 12:24:38;SU26235RMFS0;138.0;72.0;VTB
2023-09-28 12:56:18;SU26233RMFS5;151.0;65.0;VTB
2023-10-02 18:38:19;SU26237RMFS6;126.0;79.0;VTB
2023-10-10 14:18:48;SU26221RMFS0;131.0;76.0;VTB
2023-10-16 12:42:48;DSKY;-351.0;71.5;VTB
2023-10-27 13:31:05;SU26238RMFS4;156.0;64.0;VTB
2023-10-27 13:31:22;SU26230RMFS1;142.0;70.0;VTB
2023-10-27 13:34:35;SU26218RMFS6;121.0;82.0;VTB
2023-10-27 13:38:20;SU26207RMFS9;112.0;89.0;VTB
2023-10-27 13:42:09;SU26224RMFS4;126.0;79.0;VTB
2023-10-30 10:45:12;SU26228RMFS5;125.0;80.0;VTB
2023-10-30 12:20:25;SU26212RMFS9;120.0;83.0;VTB
2023-11-23 11:13:05;SGZH;250.0;4.0;VTB
2023-12-01 16:00:19;VSMO;3.0;33000.0;VTB
2024-03-06 15:28:50;SU26225RMFS1;140.0;71.0;VTB
2024-03-13 17:05:37;SU26233RMFS5;161.0;62.0;VTB
2024-03-15 11:06:58;SU26230RMFS1;149.0;67.0;VTB
2024-03-18 11:20:34;SU26238RMFS4;163.0;61.0;VTB
2024-03-18 11:55:17;SU26221RMFS0;136.0;73.0;VTB
2024-03-18 11:55:20;SU26235RMFS0;144.0;69.0;VTB
2024-03-21 10:10:29;SU26225RMFS1;147.0;68.0;VTB
2024-04-02 15:54:51;SU26218RMFS6;126.0;79.0;VTB
2024-04-11 10:33:56;SU26243RMFS4;129.0;77.0;VTB
2024-04-11 10:35:42;SU26238RMFS4;169.0;59.0;VTB
2024-04-11 12:35:04;SU26240RMFS0;161.0;62.0;VTB
2024-04-11 12:37:48;SU26230RMFS1;156.0;64.0;VTB
2024-04-11 12:50:29;SU26233RMFS5;169.0;59.0;VTB
2024-04-22 15:01:29;RU000A0ZYEE5;30.0;97.0;VTB
2024-04-22 15:27:11;RU000A101UR4;106.0;94.0;VTB
2024-04-25 18:45:16;RU000A0JXQK2;5.0;95.25;VTB
2024-04-26 12:52:10;RU000A0JXQK2;21.0;92.62;VTB
2024-04-26 14:42:46;RU000A0JXQK2;22.0;89.26;VTB
2024-04-26 14:44:27;RU000A0JXQK2;22.0;87.58;VTB
2024-04-27 10:08:39;RU000A0JXQK2;21.0;93.01;VTB
2024-05-07 11:06:10;RU000A101LX1;1.0;92.85;VTB
2024-05-15 10:20:41;RU000A100YQ0;23.0;86.21;VTB
2024-05-17 12:02:03;RU000A100YQ0;23.0;84.85;VTB
2024-05-20 12:28:34;VTBR;434.0;0.0229;VTB
2024-05-21 11:36:23;RU000A100YQ0;14.0;84.5;VTB
2024-05-27 10:32:59;RU000A0ZZ1N0;21.0;93.74;VTB
2024-05-27 18:18:44;VTBR;476.0;0.021;VTB
2024-05-30 19:55:45;SGZH;333;3;VTB
2024-05-31 10:08:16;VTBR;358.0;0.02;VTB
2024-06-04 12:12:38;RU000A0ZYF38;20.0;96.21;VTB
2024-06-10 16:16:34;RU000A1012B3;23.0;84.8;VTB
2024-06-10 17:42:08;GAZP;83.0;120.0;VTB
2024-06-14 10:00:30;RU000A106QS9;193.0;51.65;VTB
2024-06-17 10:02:19;RU000A105AW7;230.0;40.31;VTB
2024-06-19 10:00:23;RU000A103M36;21.0;93.55;VTB
2024-06-20 10:39:10;RU000A0ZYUY9;22.0;90.56;VTB
2024-06-25 11:06:25;RU000A101R90;22.0;87.44;VTB
2024-06-26 11:45:55;RU000A101GJ0;22.0;90.88;VTB
2024-07-04 10:12:57;RU000A102AB8;477.0;20.59;VTB
2024-07-08 14:21:41;RU000A100KY3;21.0;94.66;VTB
2024-07-09 13:55:46;RU000A101R09;22.0;87.41;VTB
2024-07-11 12:33:53;RU000A100YQ0;23.0;84.65;VTB
2024-07-11 13:48:48;RU000A100YQ0;20.0;82.65;VTB
2024-07-12 18:03:06;RU000A104SX0;22.0;89.31;VTB
2024-07-17 10:16:31;RU000A101XS6;21.0;93.24;VTB
2024-07-19 13:11:51;RU000A100YQ0;23.0;85.02;VTB
2024-07-19 14:07:21;RU000A100KY3;16.0;89.22;VTB
2024-07-22 18:39:18;RU000A100KY3;7.0;86.98;VTB
2024-07-23 13:32:01;RU000A106HE8;15.0;82.29;VTB
2024-07-23 18:36:14;RU000A100KY3;23.0;86.51;VTB
2024-08-08 13:33:43;RU000A101LX1;1.0;92.36;VTB
2024-08-09 12:05:21;RU000A104SX0;22.0;87.92;VTB
2024-08-12 18:24:41;RU000A100YQ0;15.0;81.33;VTB
2024-08-13 12:54:24;RU000A104511;1.0;74.38;VTB
2024-08-13 14:12:48;RU000A101DF5;21.0;94.63;VTB
2024-08-15 10:06:53;RU000A100YQ0;6.0;82.27;VTB
2024-08-16 11:25:22;RU000A100YQ0;11.0;82.17;VTB
2024-08-19 11:19:57;RU000A100YQ0;2.0;80.35;VTB
2024-08-21 15:30:34;RU000A0JX199;6.0;79.98;VTB
2024-08-22 14:29:00;SGZH;500.0;2.0;VTB
2024-08-23 10:28:11;RU000A100KY3;20.0;84.97;VTB
2024-08-27 11:56:11;MVID;833.0;120.0;VTB
2024-08-30 17:46:21;RU000A103YG5;1.0;73.49;VTB
2024-08-30 20:56:11;ALRS;200;50;VTB
2024-09-02 14:18:12;HYDR;200.0;0.5;VTB
2024-09-02 17:54:14;VSMO;4.0;25000.0;VTB
2024-09-05 10:05:50;RU000A103X74;529.0;57.86;VTB
2024-09-05 10:55:42;RU000A103X74;-529.0;57.86;VTB
2024-09-06 12:32:44;RU000A1057P8;23.0;84.01;VTB
2024-09-09 11:09:50;RU000A1057P8;24.0;82.6;VTB
2024-09-10 10:03:22;RU000A101228;20.0;95.5;VTB
2024-09-10 15:43:18;RU000A103SV6;167.0;64.65;VTB
2024-09-12 10:35:45;RU000A101T64;22.0;86.97;VTB
2024-09-13 11:42:22;RU000A101T64;23.0;86.79;VTB
2024-09-13 14:09:22;ENPG;333.0;300.0;VTB
2024-09-13 15:07:33;RU000A1012B3;23.0;84.61;VTB
2024-09-16 16:13:43;RU000A101T64;20.0;86.64;VTB
2024-09-24 12:51:08;RU000A103YG5;28.0;73.86;VTB
2024-09-25 13:58:12;RU000A103YG5;5.0;72.91;VTB
2024-09-30 11:43:57;RU000A0ZZ1N0;20.0;96.52;VTB
2024-09-30 14:46:17;RU000A103YG5;43.0;73.66;VTB
2024-10-01 11:10:39;RU000A101MG4;21.0;91.1;VTB
2024-10-01 11:22:41;RU000A101MG4;-21.0;96.85;VTB
2024-10-10 15:53:46;RU000A101T56;4.0;90.21;VTB
2024-10-14 16:14:21;RU000A100YQ0;24.0;81.41;VTB
2024-10-15 17:22:49;RU000A100YQ0;24.0;80.84;VTB
2024-10-21 12:33:21;RU000A100YQ0;24.0;81.61;VTB
2024-10-22 10:03:32;RU000A100Z91;110.0;90.26;VTB
2024-10-22 12:43:30;RU000A103YG5;1.0;69.39;VTB
2024-10-25 17:11:58;VTBR;1250.0;80.0;VTB
2024-10-25 17:56:35;RU000A0ZZ1N0;11.0;95.88;VTB
2024-10-28 11:07:03;SU52003RMFS9;140.0;67.439;VTB
2024-10-28 11:07:39;SU52002RMFS1;115.0;74.99;VTB
2024-10-28 11:08:05;SU52004RMFS7;147.0;66.557;VTB
2024-10-28 11:08:51;SU52005RMFS4;4.0;62.628;VTB
2024-10-28 19:46:17;SMLT;66.0;1500.0;VTB
2024-10-30 10:20:04;RU000A100YQ0;18.0;74.33;VTB
2024-10-30 14:54:33;SU46020RMFS2;173.0;53.8280;VTB
2024-10-31 10:42:14;SU26218RMFS6;156.0;64.0;VTB
2024-10-31 10:43:58;SU26224RMFS4;156.0;64.0;VTB
2024-10-31 10:54:36;SU26239RMFS2;172.0;58.0;VTB
2024-10-31 12:00:56;SU26230RMFS1;192.0;52.0;VTB
2024-10-31 16:20:21;SU26212RMFS9;140.0;71.0;VTB
2024-10-31 19:09:22;PIKK;200.0;500.0;VTB
2024-10-31 20:09:22;PIKK;40.0;491.2;VTB
2024-10-31 20:09:22;PIKK;101.0;491.2;VTB
2024-10-31 20:20:21;SU29019RMFS5;105.0;95.0;VTB
2024-11-01 10:03:00;RU000A105344;1.0;69.91;VTB
2024-11-01 14:06:31;SU26219RMFS4;123.0;81.0;VTB
2024-11-05 11:58:29;RU000A1038M5;23.0;86.9;VTB
2024-11-07 16:03:09;RU000A104YT6;23.0;86.39;VTB
2024-11-07 16:35:24;RU000A1012B3;14.0;83.58;VTB
2024-11-11 10:43:10;RU000A1012B3;23.0;83.91;VTB
2024-11-13 11:57:08;RU000A103QQ0;24.0;81.95;VTB
2024-11-13 17:17:08;RU000A105Q63;23.0;86.04;VTB
2024-11-18 15:01:07;271;271.0;51.66;VTB
2024-11-19 12:03:45;RU000A101UE2;13.0;63.78;VTB
2024-11-26 10:09:20;MTSS;58.0;170.0;VTB
2024-11-26 15:15:01;FEES;142.0;0.07;VTB
2024-11-26 15:23:43;ELFV;200.0;0.5;VTB
2024-11-26 15:33:39;SMLT;100.0;1000.0;VTB
2024-11-26 18:07:54;TGKA;166.0;0.006;VTB
2024-11-27 10:25:34;TRNFP;100.0;1000.0;VTB
2024-11-27 10:50:33;OGKB;333.0;0.3;VTB
2024-11-27 11:03:07;MGTSP;125.0;800.0;VTB
2024-11-28 16:00:09;RU000A1041Q0;36.0;92.59;VTB
2024-11-29 17:58:37;RU000A100YQ0;24.0;82.66;VTB
2024-12-02 12:17:01;RU000A100YQ0;24.0;80.87;VTB
2024-12-02 15:59:16;RU000A1012B3;24.0;83.24;VTB
2024-12-04 13:33:00;RU000A100YQ0;25.0;79.77;VTB
2024-12-04 16:47:51;RU000A103YG5;5.0;67.53;VTB
2024-12-06 13:30:19;RU000A0ZYEB1;28.0;69.55;VTB
2024-12-09 10:51:36;RU000A103YG5;2.0;68.31;VTB
2024-12-09 11:54:43;RU000A100KY3;22.0;85.4;VTB
2024-12-12 10:04:17;RU000A103YG5;2.0;67.81;VTB
2024-12-17 16:33:05;RU000A101WR0;24.0;81.97;VTB
2024-12-19 15:57:25;RU000A103YG5;10.0;68.47;VTB
2024-12-20 15:22:52;RU000A101R90;7.0;89.47;VTB
2024-12-23 11:44:30;RU000A103YG5;4.0;67.91;VTB
2024-12-24 12:17:59;RU000A104Y15;26.0;74.65;VTB
2025-01-06 15:38:57;RU000A100YQ0;9.0;88.34;VTB
2025-01-08 13:14:58;RU000A101LX1;18.0;93.83;VTB
2025-01-14 16:04:05;RU000A103YK7;1.0;65.08;VTB
2025-01-16 10:09:57;RU000A105344;2.0;66.63;VTB
2025-01-23 11:38:54;RU000A103YK7;1.0;65.08;VTB
2025-01-29 10:09:19;RU000A103YG5;1.0;60.55;VTB
2025-01-29 10:20:33;RU000A103YK7;2.0;65.08;VTB
2025-01-30 11:43:44;RU000A100YQ0;24.0;81.8;VTB
2025-01-31 15:17:52;RU000A103YG5;3.0;63.91;VTB
2025-02-06 14:32:18;RU000A1012B3;6.0;87.51;VTB
2025-02-17 11:12:36;RU000A103YK7;1.0;67.63;VTB
2025-02-18 14:51:39;RU000A104511;2.0;73.19;VTB
2025-02-25 10:53:08;RU000A0ZYU21;21.0;94.17;VTB
2025-02-26 16:26:48;RU000A0ZYU21;21.0;91.8;VTB
2025-02-27 10:11:09;RU000A0ZYU21;22.0;87.14;VTB
2025-03-04 11:27:42;RU000A0JWST1;21.0;94.25;VTB
2025-03-05 11:54:33;RU000A103YK7;31.0;67.22;VTB
2025-03-10 12:14:23;RU000A106HF5;264.0;50.25;VTB
2025-03-10 12:29:25;RU000A106HF5;-264.0;55.0;VTB
2025-03-13 10:05:02;RU000A104AM1;10.0;71.41;VTB
2025-03-17 11:38:51;RU000A100KY3;24.0;82.1;VTB
2025-03-17 18:36:45;RU000A1012B3;1.0;88.74;VTB
2025-03-18 11:42:45;RU000A105NY6;1.0;69.24;VTB
2025-03-18 12:46:37;RU000A103QQ0;23.0;86.03;VTB
2025-03-19 10:42:56;RU000A103QQ0;23.0;84.53;VTB
2025-03-20 12:03:09;RU000A100YQ0;2.0;82.02;VTB
2025-03-28 15:44:38;RU000A105344;15.0;66.46;VTB
2025-03-28 16:22:03;RU000A103YG5;19.0;62.15;VTB
2025-03-28 18:00:03;RU000A100YQ0;24.0;83.0;VTB
2025-04-07 10:03:53;PIKK;43.0;464.3;VTB
2025-04-08 13:18:33;RU000A0ZYBM4;21.0;92.35;VTB
2025-04-11 17:03:53;RU000A1009Z8;23.0;86.74;VTB
2025-04-17 16:02:03;RU000A100YQ0;4.0;83.71;VTB
2025-04-18 10:30:08;RU000A100YQ0;14.0;82.01;VTB
2025-04-28 14:14:06;RU000A101LX1;20.0;96.04;VTB
2025-05-29 18:32:25;RU000A10AHU1;202.0;64.9;VTB
2025-06-17 10:04:07;RU000A10B1M5;55.0;36.01;VTB
2025-06-17 10:04:07;RU000A10ADH7;52.0;38.35;VTB
2025-06-17 10:04:08;RU000A10AMP1;30.0;65.3;VTB
2025-06-18 10:38:12;RU000A10BPN7;87.0;76.65;VTB
2025-06-19 11:26:17;RU000A10AXX2;206.0;62.56;VTB
2025-07-09 18:15:19;RAGR;1000.0;100.0;VTB
2025-07-30 10:02:34;RU000A109RX1;65.0;30.73;VTB
2025-07-30 10:02:35;RU000A1075D6;45.0;49.99;VTB
2025-07-30 15:56:56;RU000A1075D6;-45.0;50.0;VTB
2025-07-30 16:01:47;RU000A109RX1;-65.0;31.0;VTB
2025-07-31 16:32:38;RU000A107PM2;287.0;47.84;VTB
2025-08-22 15:53:21;RU000A0JWST1;-21.0;99.3;VTB
2025-10-07 17:33:00;VTBR;1243;67;VTB
2025-10-01 09:47:25;MVID;283.0;70.65;VTB
2025-10-02 10:10:20;MGNT;33.0;3000.0;VTB
2025-10-02 12:10:20;HYDR;250.0;0.4;VTB
2025-10-09 11:24:48;SNGS;50.0;20.0;VTB
2025-12-08 10:33:28;RU000A10B222;205.0;65.83;VTB
2025-12-24 18:00:49;NKNCP;166.0;60.0;VTB
2026-01-21 16:06:00;RU000A101LX1;-3.0;102.0;VTB
2026-02-03 13:37:10;RU000A10A0H8;329.0;40.28;VTB
2026-02-10 10:07:54;RU000A107761;168.0;58.91;VTB
2026-02-11 14:01:01;RU000A107LU4;298.0;31.66;VTB
2026-02-11 14:07:44;RU000A107761;214.0;42.61;VTB
2026-02-11 14:07:44;RU000A1080Y2;374.0;31.5;VTB
2026-02-25 15:39:41;RU000A101LX1;-9.0;102.0;VTB
2026-04-13 10:07:54;NKNC;142.0;70.0;VTB
2026-04-17 10:00:39;T;100.0;322.78;VTB
2026-04-29 18:11:45;MGNT;40.0;2500.0;VTB
2026-04-29 18:36:17;NKNCP;200.0;50.0;VTB
2026-05-04 10:09:11;RU000A10B750;658.0;15.74;VTB
2026-05-07 12:11:03;RU000A108KK5;419.0;56.95;VTB
2026-05-20 22:11:03;SMLT;200.0;500;VTB
2026-05-21 15:25:33;RU000A1092T7;420.0;31.06;VTB
2026-05-26 10:23:40;RU000A10E7U2;20.0;55.42;VTB
2026-05-26 14:36:01;RU000A10AZG2;201.0;66.91;VTB
2026-05-29 10:36:07;ALRS;400.0;25.0;VTB
2026-06-10 10:36:07;NKNC;166.0;60.0;VTB
2026-06-19 15:43:35;SU26254RMFS1;113.0;90.0;VTB
2026-06-19 15:52:14;SU26238RMFS4;181.0;55.0;VTB
2026-06-19 16:11:30;SU26240RMFS0;166.0;60.0;VTB
2026-06-22 11:40:04;RU000A10B461;213.0;62.26;VTB
2026-06-22 12:15:41;SU26253RMFS3;113.0;90.0;VTB
2026-06-22 12:45:13;SU26245RMFS9;116.0;86.0;VTB
2026-06-22 12:55:22;NKNCP;250.0;40.0;VTB
2026-06-22 12:58:28;SU26243RMFS4;138.0;72.0;VTB
2026-06-22 13:50:50;SU26233RMFS5;175.0;57.0;VTB
2026-06-22 15:00:05;MGNT;50.0;2000.0;VTB
2026-06-22 15:31:20;KZOS;200.0;50.0;VTB
2026-06-22 16:22:18;SU26246RMFS7;117.0;85.0;VTB
2026-06-22 15:31:20;MAGN;500.0;50.0;VTB
2026-06-22 15:31:20;GAZP;100.0;100.0;VTB
2026-06-22 15:31:20;NKNC;200.0;50.0;VTB
2026-06-22 15:31:20;FEES;200.0;0.05;VTB
2026-06-22 18:07:57;SU26219RMFS4;-715.0;98.701;VTB
2026-06-24 11:00:10;KZOSP;1000.0;10.0;VTB
2026-06-24 17:51:53;VSMO;5.0;20000.0;VTB
2026-06-25 13:13:13;SU26254RMFS1;113.0;87.0;VTB
2026-06-25 13:36:29;SU26230RMFS1;169.0;58.0;VTB
2026-06-25 13:36:29;NLMK;166.0;60.0;VTB
2026-06-25 13:36:29;OGKB;500.0;20.0;VTB
2026-06-25 13:36:29;TGKA;250.0;0.004;VTB
2026-06-25 14:26:18;SU26226RMFS9;-452.0;98.49;VTB
2026-06-25 14:36:29;SU26245RMFS9;119.0;84.0;VTB
2026-06-25 15:16:21;SU26253RMFS3;113.0;87.0;VTB
2026-06-25 15:17:42;SU26207RMFS9;-542.0;97.1;VTB
2026-06-25 23:05:16;SU29019RMFS5;-105.0;99.21;VTB
2026-06-26 10:02:22;UPRO;100.0;0.9985;VTB
2026-06-26 11:00:40;SU26238RMFS4;188.0;52.0;VTB
2026-06-26 11:17:55;SU26243RMFS4;146.0;69.0;VTB
2026-06-26 11:23:01;SU26225RMFS1;153.0;64.0;VTB
2026-06-26 11:24:14;FIXR;250.0;0.4;VTB
2026-06-26 11:37:15;SU26239RMFS2;138.0;73.0;VTB
2026-06-26 12:26:15;SU26241RMFS8;128.0;78.0;VTB
2026-06-26 13:13:30;SU26218RMFS6;129.0;78.0;VTB
2026-06-26 13:36:49;SU26221RMFS0;146.0;69.0;VTB
2026-06-26 14:49:20;SU26240RMFS0;172.0;57.0;VTB